{"train_loss": 0.5213477849960327, "dev_loss": 0.5487805604934692, "test_loss": 0.5487805604934692}