{"train_loss": 0.5162202477455139, "dev_loss": 0.5435705780982971, "test_loss": 0.5435705780982971}