{"train_loss": 0.5201771080493928, "dev_loss": 0.5476408004760742, "test_loss": 0.5476408004760742}