{"train_loss": 0.520946842432022, "dev_loss": 0.5483920574188232, "test_loss": 0.5483920574188232}