{"train_loss": 0.5156058609485626, "dev_loss": 0.5429188013076782, "test_loss": 0.5429188013076782}