{"train_loss": 0.5177857667207717, "dev_loss": 0.5452142357826233, "test_loss": 0.5452142357826233}