{"train_loss": 0.5135003358125687, "dev_loss": 0.5406662225723267, "test_loss": 0.5406662225723267}