{"train_loss": 0.512914377450943, "dev_loss": 0.5400366187095642, "test_loss": 0.5400366187095642}