{"train_loss": 0.5184335619211197, "dev_loss": 0.545884370803833, "test_loss": 0.545884370803833}