{"train_loss": 0.5181073427200318, "dev_loss": 0.5455478429794312, "test_loss": 0.5455478429794312}