{"train_loss": 0.5187654972076416, "dev_loss": 0.5462247133255005, "test_loss": 0.5462247133255005}