{"train_loss": 0.5143933415412902, "dev_loss": 0.5416242480278015, "test_loss": 0.5416242480278015}