{"train_loss": 0.5239251494407653, "dev_loss": 0.5511694550514221, "test_loss": 0.5511694550514221}