{"train_loss": 0.5174678802490233, "dev_loss": 0.5448828935623169, "test_loss": 0.5448828935623169}