{"train_loss": 0.527192884683609, "dev_loss": 0.5533265471458435, "test_loss": 0.5533265471458435}