{"train_loss": 0.5132063627243042, "dev_loss": 0.5403504371643066, "test_loss": 0.5403504371643066}