{"train_loss": 0.5248335897922516, "dev_loss": 0.5519441366195679, "test_loss": 0.5519441366195679}