{"train_loss": 0.5159123957157135, "dev_loss": 0.5432443618774414, "test_loss": 0.5432443618774414}