{"train_loss": 0.5226033627986907, "dev_loss": 0.5499695539474487, "test_loss": 0.5499695539474487}