{"train_loss": 0.5126245200634003, "dev_loss": 0.5397252440452576, "test_loss": 0.5397252440452576}