{"train_loss": 0.5198090076446533, "dev_loss": 0.5472766160964966, "test_loss": 0.5472766160964966}