{"train_loss": 0.5194518387317658, "dev_loss": 0.5469199419021606, "test_loss": 0.5469199419021606}