{"train_loss": 0.5258240818977357, "dev_loss": 0.5527011156082153, "test_loss": 0.5527011156082153}