{"train_loss": 0.5263812601566314, "dev_loss": 0.5534303784370422, "test_loss": 0.5534303784370422}