{"train_loss": 0.5234764158725738, "dev_loss": 0.5507977604866028, "test_loss": 0.5507977604866028}