{"train_loss": 0.5221773624420166, "dev_loss": 0.5495716333389282, "test_loss": 0.5495716333389282}