{"train_loss": 0.5165294766426086, "dev_loss": 0.5438974499702454, "test_loss": 0.5438974499702454}