{"train_loss": 0.5253266751766206, "dev_loss": 0.5524698495864868, "test_loss": 0.5524698495864868}