{"train_loss": 0.5191044479608535, "dev_loss": 0.5465694665908813, "test_loss": 0.5465694665908813}