{"train_loss": 0.7429948805792619, "dev_loss": 0.7728812252173385, "test_loss": 0.7728812252173385}