{"train_loss": 0.5230388224124909, "dev_loss": 0.5503786206245422, "test_loss": 0.5503786206245422}