{"train_loss": 0.5243787944316863, "dev_loss": 0.5516266822814941, "test_loss": 0.5516266822814941}