{"train_loss": 0.5171529084444046, "dev_loss": 0.5445533394813538, "test_loss": 0.5445533394813538}