{"train_loss": 0.514694306254387, "dev_loss": 0.5419464707374573, "test_loss": 0.5419464707374573}