{"train_loss": 0.5217577993869782, "dev_loss": 0.5491719245910645, "test_loss": 0.5491719245910645}