{"train_loss": 0.513796254992485, "dev_loss": 0.5409839749336243, "test_loss": 0.5409839749336243}