{"train_loss": 0.5149967908859253, "dev_loss": 0.5422695875167847, "test_loss": 0.5422695875167847}