{"train_loss": 0.5168403029441833, "dev_loss": 0.5442248582839966, "test_loss": 0.5442248582839966}