{"train_loss": 0.5153006404638291, "dev_loss": 0.5425938367843628, "test_loss": 0.5425938367843628}