{"train_loss": 0.5140939652919769, "dev_loss": 0.5413033962249756, "test_loss": 0.5413033962249756}