{"train_loss": 0.5205563127994537, "dev_loss": 0.5480129718780518, "test_loss": 0.5480129718780518}