{"train_loss": 0.006467228531837465, "dev_loss": 1.484787940979004, "test_loss": 1.5294467210769653}