{"train_loss": 0.005155267030000687, "dev_loss": 1.4622180461883545, "test_loss": 1.4522559642791748}