{"train_loss": 0.005026843905448913, "dev_loss": 1.4628875255584717, "test_loss": 1.4464234113693237}