{"train_loss": 0.00488960936665535, "dev_loss": 1.4646570682525635, "test_loss": 1.4413155317306519}