{"train_loss": 0.004617033958435058, "dev_loss": 1.4730063676834106, "test_loss": 1.4375978708267212}