{"train_loss": 0.004860026717185974, "dev_loss": 1.4652106761932373, "test_loss": 1.4404219388961792}