{"train_loss": 0.004248183906078339, "dev_loss": 1.5103631019592285, "test_loss": 1.4696543216705322}