{"train_loss": 0.004280562996864318, "dev_loss": 1.5044492483139038, "test_loss": 1.4634712934494019}