{"train_loss": 0.004671369254589081, "dev_loss": 1.4706482887268066, "test_loss": 1.4373329877853394}