{"train_loss": 0.0042692611515522, "dev_loss": 1.5064167976379395, "test_loss": 1.4655213356018066}