{"train_loss": 0.0043318397700786585, "dev_loss": 1.4966397285461426, "test_loss": 1.4554896354675293}