{"train_loss": 0.004228915810585022, "dev_loss": 1.514319658279419, "test_loss": 1.473808765411377}