{"train_loss": 0.004311367064714432, "dev_loss": 1.4995548725128174, "test_loss": 1.458430290222168}