{"train_loss": 0.004361863672733306, "dev_loss": 1.4927873611450195, "test_loss": 1.4517117738723755}