{"train_loss": 0.004634366005659104, "dev_loss": 1.4722058773040771, "test_loss": 1.437441110610962}