{"train_loss": 0.020903666019439694, "dev_loss": 2.353156089782715, "test_loss": 2.4258692264556885}