{"train_loss": 0.005109530508518219, "dev_loss": 1.4623608589172363, "test_loss": 1.450087547302246}