{"train_loss": 0.01261245059967041, "dev_loss": 1.8116493225097656, "test_loss": 1.919853925704956}