{"train_loss": 0.005314240872859955, "dev_loss": 1.4624357223510742, "test_loss": 1.4603831768035889}