{"train_loss": 0.0054430487155914305, "dev_loss": 1.4633114337921143, "test_loss": 1.4674527645111084}