{"train_loss": 0.004423601299524307, "dev_loss": 1.4861760139465332, "test_loss": 1.445683479309082}