{"train_loss": 0.00439553314447403, "dev_loss": 1.488985300064087, "test_loss": 1.448156476020813}