{"train_loss": 0.004286421298980713, "dev_loss": 1.503467321395874, "test_loss": 1.4624522924423218}