{"train_loss": 0.00559611564874649, "dev_loss": 1.4650334119796753, "test_loss": 1.476224660873413}