{"train_loss": 0.004413951396942139, "dev_loss": 1.4871078729629517, "test_loss": 1.4464865922927856}