{"train_loss": 0.005683975934982299, "dev_loss": 1.466313362121582, "test_loss": 1.4813897609710693}