{"train_loss": 0.004233576655387879, "dev_loss": 1.5133298635482788, "test_loss": 1.4727694988250732}