{"train_loss": 0.004253273606300354, "dev_loss": 1.5093754529953003, "test_loss": 1.4686182737350464}