{"train_loss": 0.004954103410243989, "dev_loss": 1.4636725187301636, "test_loss": 1.4435386657714844}