{"train_loss": 0.0042638078629970546, "dev_loss": 1.5074021816253662, "test_loss": 1.4665511846542358}