{"train_loss": 0.6660190169215657, "dev_loss": 1.614498685094519, "test_loss": 1.547888625746839}