{"train_loss": 0.004258480101823807, "dev_loss": 1.5083885192871094, "test_loss": 1.4675837755203247}