{"train_loss": 0.004243207067251205, "dev_loss": 1.5113515853881836, "test_loss": 1.4706920385360718}