{"train_loss": 0.02403205919265747, "dev_loss": 2.5669198036193848, "test_loss": 2.613887071609497}