{"train_loss": 0.004378201752901077, "dev_loss": 1.4908790588378906, "test_loss": 1.449901819229126}