{"train_loss": 0.0058884678483009335, "dev_loss": 1.4700062274932861, "test_loss": 1.493664026260376}