{"train_loss": 0.0044768740534782405, "dev_loss": 1.4815962314605713, "test_loss": 1.4420533180236816}