{"train_loss": 0.005375985980033875, "dev_loss": 1.4627844095230103, "test_loss": 1.4637287855148315}