{"train_loss": 0.0043699140250682824, "dev_loss": 1.4918317794799805, "test_loss": 1.4507993459701538}