{"train_loss": 0.004404599875211716, "dev_loss": 1.4880445003509521, "test_loss": 1.4473114013671875}