{"train_loss": 0.004238338977098465, "dev_loss": 1.5123403072357178, "test_loss": 1.4717305898666382}