{"train_loss": 0.0071605023741722115, "dev_loss": 1.5088269710540771, "test_loss": 1.5733163356781006}