{"train_loss": 0.004443855792284011, "dev_loss": 1.4843270778656006, "test_loss": 1.4441488981246948}