{"train_loss": 0.005516143202781677, "dev_loss": 1.4640485048294067, "test_loss": 1.4716001749038696}