{"train_loss": 0.004756357222795486, "dev_loss": 1.4677408933639526, "test_loss": 1.438076376914978}