{"train_loss": 0.0042924249768257145, "dev_loss": 1.5024869441986084, "test_loss": 1.4614381790161133}