{"train_loss": 0.004569157987833024, "dev_loss": 1.475481629371643, "test_loss": 1.4384307861328125}