{"train_loss": 0.004500866740942001, "dev_loss": 1.4798085689544678, "test_loss": 1.4408173561096191}