{"train_loss": 0.004219887137413025, "dev_loss": 1.5163004398345947, "test_loss": 1.4758867025375366}