{"train_loss": 0.0046524605453014374, "dev_loss": 1.4714195728302002, "test_loss": 1.4373512268066406}