{"train_loss": 0.0044335641860961915, "dev_loss": 1.4852488040924072, "test_loss": 1.44490385055542}