{"train_loss": 0.004805489927530288, "dev_loss": 1.4664191007614136, "test_loss": 1.4390208721160889}