{"train_loss": 0.0047118599414825435, "dev_loss": 1.4691559076309204, "test_loss": 1.4375306367874146}