{"train_loss": 0.004339037418365479, "dev_loss": 1.4956724643707275, "test_loss": 1.4545280933380127}