{"train_loss": 0.015974933981895444, "dev_loss": 2.0263686180114746, "test_loss": 2.1293773651123047}