{"train_loss": 0.004224353492259979, "dev_loss": 1.5153098106384277, "test_loss": 1.4748480319976807}