{"train_loss": 0.004780299752950669, "dev_loss": 1.4670671224594116, "test_loss": 1.438495397567749}