{"train_loss": 0.006664983868598939, "dev_loss": 1.491027593612671, "test_loss": 1.5418707132339478}