{"train_loss": 0.006893582940101624, "dev_loss": 1.4988759756088257, "test_loss": 1.5563268661499023}