{"train_loss": 0.004465492397546769, "dev_loss": 1.4825003147125244, "test_loss": 1.442721962928772}