{"train_loss": 0.0045544390678405764, "dev_loss": 1.476328730583191, "test_loss": 1.4388165473937988}