{"train_loss": 0.004733571320772172, "dev_loss": 1.468437910079956, "test_loss": 1.437757134437561}