{"train_loss": 0.004488658249378204, "dev_loss": 1.480699062347412, "test_loss": 1.4414178133010864}