{"train_loss": 0.011380497097969055, "dev_loss": 1.735040307044983, "test_loss": 1.842031478881836}