{"train_loss": 0.00578093683719635, "dev_loss": 1.4679467678070068, "test_loss": 1.4871718883514404}