{"train_loss": 0.004600416868925095, "dev_loss": 1.4738198518753052, "test_loss": 1.4378178119659424}