{"train_loss": 0.005257206439971923, "dev_loss": 1.4622389078140259, "test_loss": 1.4573771953582764}