{"train_loss": 0.014123625278472902, "dev_loss": 1.907205581665039, "test_loss": 2.014716863632202}