{"train_loss": 0.005066820174455642, "dev_loss": 1.462587594985962, "test_loss": 1.4481498003005981}