{"train_loss": 0.004207028687000275, "dev_loss": 1.5192718505859375, "test_loss": 1.478996992111206}