{"train_loss": 0.004324834078550339, "dev_loss": 1.4976091384887695, "test_loss": 1.4564611911773682}