{"train_loss": 0.00421551239490509, "dev_loss": 1.5172905921936035, "test_loss": 1.4769244194030762}