{"train_loss": 0.008864390671253206, "dev_loss": 1.5882031917572021, "test_loss": 1.6823842525482178}