{"train_loss": 0.006142840445041656, "dev_loss": 1.4757978916168213, "test_loss": 1.509257197380066}