{"train_loss": 0.004318012326955795, "dev_loss": 1.498581051826477, "test_loss": 1.4574416875839233}