{"train_loss": 0.004354040652513504, "dev_loss": 1.493746280670166, "test_loss": 1.4526382684707642}