{"train_loss": 0.0074757439494133, "dev_loss": 1.5215734243392944, "test_loss": 1.593488097190857}