{"train_loss": 0.004454492509365082, "dev_loss": 1.4834105968475342, "test_loss": 1.4434211254119873}