{"train_loss": 0.004526652127504349, "dev_loss": 1.4780516624450684, "test_loss": 1.4397317171096802}