{"train_loss": 0.004920916557312012, "dev_loss": 1.4641427993774414, "test_loss": 1.4423506259918213}