{"train_loss": 0.004298580080270767, "dev_loss": 1.5015079975128174, "test_loss": 1.4604295492172241}