{"train_loss": 0.005204363793134689, "dev_loss": 1.4621726274490356, "test_loss": 1.454677700996399}