{"train_loss": 0.00498934680223465, "dev_loss": 1.4632519483566284, "test_loss": 1.4448915719985962}