{"train_loss": 0.027563950061798098, "dev_loss": 2.814593553543091, "test_loss": 2.833343267440796}