{"train_loss": 0.010371812105178835, "dev_loss": 1.673822045326233, "test_loss": 1.7781521081924438}