{"train_loss": 0.01822113883495331, "dev_loss": 2.173797845840454, "test_loss": 2.2657241821289062}