{"train_loss": 0.004211227178573609, "dev_loss": 1.51828134059906, "test_loss": 1.4779614210128784}