{"train_loss": 0.008308577418327332, "dev_loss": 1.5597201585769653, "test_loss": 1.6468852758407593}