{"train_loss": 0.006294644176959991, "dev_loss": 1.479799747467041, "test_loss": 1.5186721086502075}