{"train_loss": 0.004346434623003006, "dev_loss": 1.4947080612182617, "test_loss": 1.4535772800445557}