{"train_loss": 0.004386737346649169, "dev_loss": 1.4899303913116455, "test_loss": 1.449020266532898}