{"train_loss": 0.00469114848971367, "dev_loss": 1.469893217086792, "test_loss": 1.437390923500061}