{"train_loss": 0.007852671921253204, "dev_loss": 1.5380898714065552, "test_loss": 1.6176677942276}