{"train_loss": 0.006008365035057069, "dev_loss": 1.4725838899612427, "test_loss": 1.5009793043136597}