{"train_loss": 0.00458447152376175, "dev_loss": 1.4746450185775757, "test_loss": 1.438096523284912}