{"train_loss": 0.004274844586849212, "dev_loss": 1.5054327249526978, "test_loss": 1.4644943475723267}