{"train_loss": 0.004513522863388061, "dev_loss": 1.4789263010025024, "test_loss": 1.4402542114257812}