{"train_loss": 0.004540280967950821, "dev_loss": 1.4771854877471924, "test_loss": 1.439251184463501}