{"train_loss": 0.0048320282101631164, "dev_loss": 1.4657992124557495, "test_loss": 1.4396601915359497}