{"train_loss": 0.004304892063140869, "dev_loss": 1.5005303621292114, "test_loss": 1.4594264030456543}