{"train_loss": 0.009543554961681366, "dev_loss": 1.625552773475647, "test_loss": 1.725598692893982}