{"train_loss": 0.005741999387741089, "dev_loss": 1.3601064682006836, "test_loss": 0.9209564328193665}