{"train_loss": 0.006143877327442169, "dev_loss": 1.3577282428741455, "test_loss": 0.9695082902908325}