{"train_loss": 0.005753100931644438, "dev_loss": 1.3597806692123413, "test_loss": 0.9222519993782043}