{"train_loss": 0.009570432960987092, "dev_loss": 1.4919344186782837, "test_loss": 1.2442127466201782}