{"train_loss": 0.005788430094718933, "dev_loss": 1.3588688373565674, "test_loss": 0.9264143705368042}