{"train_loss": 0.015048556685447693, "dev_loss": 1.7687857151031494, "test_loss": 1.5697195529937744}