{"train_loss": 0.005622007489204407, "dev_loss": 1.3649847507476807, "test_loss": 0.9073813557624817}