{"train_loss": 0.006731807351112366, "dev_loss": 1.3721015453338623, "test_loss": 1.0324865579605103}