{"train_loss": 0.007525453567504883, "dev_loss": 1.4010759592056274, "test_loss": 1.099043846130371}