{"train_loss": 0.009207272946834565, "dev_loss": 1.4755160808563232, "test_loss": 1.2199146747589111}