{"train_loss": 0.005764529466629028, "dev_loss": 1.3594650030136108, "test_loss": 0.9235922694206238}