{"train_loss": 0.006170208513736726, "dev_loss": 1.3580694198608398, "test_loss": 0.9726381301879883}