{"train_loss": 0.005592278242111207, "dev_loss": 1.366624116897583, "test_loss": 0.904149055480957}