{"train_loss": 0.006226714670658111, "dev_loss": 1.3589394092559814, "test_loss": 0.9792712330818176}