{"train_loss": 0.005776300668716431, "dev_loss": 1.359161138534546, "test_loss": 0.9249790906906128}