{"train_loss": 0.007661163747310639, "dev_loss": 1.4065886735916138, "test_loss": 1.1093556880950928}