{"train_loss": 0.00582714205980301, "dev_loss": 1.3580753803253174, "test_loss": 0.9310351610183716}