{"train_loss": 0.005606795251369476, "dev_loss": 1.365800142288208, "test_loss": 0.9057205319404602}