{"train_loss": 0.00562989103794098, "dev_loss": 1.3645812273025513, "test_loss": 0.9082473516464233}