{"train_loss": 0.005599452435970306, "dev_loss": 1.366211175918579, "test_loss": 0.9049240350723267}