{"train_loss": 0.0059006520509719855, "dev_loss": 1.3571003675460815, "test_loss": 0.9399372935295105}