{"train_loss": 0.7429948805792619, "dev_loss": 1.3658709661873445, "test_loss": 1.142694881654962}