{"train_loss": 0.00586976045370102, "dev_loss": 1.3574302196502686, "test_loss": 0.9361802339553833}