{"train_loss": 0.007811828196048737, "dev_loss": 1.412868857383728, "test_loss": 1.1206283569335938}