{"train_loss": 0.005546303689479827, "dev_loss": 1.3695428371429443, "test_loss": 0.8992573022842407}