{"train_loss": 0.006395559191703797, "dev_loss": 1.3624582290649414, "test_loss": 0.9983073472976685}