{"train_loss": 0.00635810774564743, "dev_loss": 1.3615761995315552, "test_loss": 0.9941929578781128}