{"train_loss": 0.008893340766429902, "dev_loss": 1.4610490798950195, "test_loss": 1.1981868743896484}