{"train_loss": 0.005710522055625915, "dev_loss": 1.3611387014389038, "test_loss": 0.9173169136047363}