{"train_loss": 0.005614311337471009, "dev_loss": 1.3653912544250488, "test_loss": 0.9065393209457397}