{"train_loss": 0.005690935790538788, "dev_loss": 1.3618654012680054, "test_loss": 0.9150791168212891}