{"train_loss": 0.005565146923065185, "dev_loss": 1.3682878017425537, "test_loss": 0.9012465476989746}