{"train_loss": 0.005517415285110474, "dev_loss": 1.3716316223144531, "test_loss": 0.8962498903274536}