{"train_loss": 0.006673880636692047, "dev_loss": 1.3702701330184937, "test_loss": 1.02693510055542}