{"train_loss": 0.005578409612178804, "dev_loss": 1.3674538135528564, "test_loss": 0.9026597738265991}