{"train_loss": 0.006049457609653474, "dev_loss": 1.3568933010101318, "test_loss": 0.9581218957901001}