{"train_loss": 0.005731211066246034, "dev_loss": 1.3604421615600586, "test_loss": 0.9197031259536743}