{"train_loss": 0.006094631314277648, "dev_loss": 1.357212781906128, "test_loss": 0.9635976552963257}