{"train_loss": 0.0055524507164955135, "dev_loss": 1.3691240549087524, "test_loss": 0.8999039530754089}