{"train_loss": 0.006569215834140777, "dev_loss": 1.3671153783798218, "test_loss": 1.016562581062317}