{"train_loss": 0.005672365188598633, "dev_loss": 1.3626174926757812, "test_loss": 0.9129776954650879}