{"train_loss": 0.006619809329509735, "dev_loss": 1.368613362312317, "test_loss": 1.0216330289840698}