{"train_loss": 0.026247535705566406, "dev_loss": 2.5207433700561523, "test_loss": 2.3129639625549316}