{"train_loss": 0.005800934195518494, "dev_loss": 1.3585898876190186, "test_loss": 0.9279006719589233}