{"train_loss": 0.005700596868991852, "dev_loss": 1.3614985942840576, "test_loss": 0.9161802530288696}