{"train_loss": 0.008168004274368286, "dev_loss": 1.4282196760177612, "test_loss": 1.146669626235962}