{"train_loss": 0.01268531346321106, "dev_loss": 1.6339086294174194, "test_loss": 1.4296331405639648}