{"train_loss": 0.005534390091896058, "dev_loss": 1.3703794479370117, "test_loss": 0.8980108499526978}