{"train_loss": 0.005540284633636474, "dev_loss": 1.3699613809585571, "test_loss": 0.8986265063285828}