{"train_loss": 0.007979819297790527, "dev_loss": 1.4200341701507568, "test_loss": 1.133008599281311}