{"train_loss": 0.00999460881948471, "dev_loss": 1.5104693174362183, "test_loss": 1.2712589502334595}