{"train_loss": 0.0056815283894538875, "dev_loss": 1.3622386455535889, "test_loss": 0.9140121340751648}