{"train_loss": 0.007291288912296295, "dev_loss": 1.3919131755828857, "test_loss": 1.0807569026947021}