{"train_loss": 0.011093477129936219, "dev_loss": 1.5576465129852295, "test_loss": 1.3368474245071411}