{"train_loss": 0.00837989217042923, "dev_loss": 1.4376144409179688, "test_loss": 1.1618603467941284}