{"train_loss": 0.010495609641075133, "dev_loss": 1.5318303108215332, "test_loss": 1.3016860485076904}