{"train_loss": 0.006322648823261261, "dev_loss": 1.3607902526855469, "test_loss": 0.9902394413948059}