{"train_loss": 0.018519347190856936, "dev_loss": 1.991407036781311, "test_loss": 1.7831424474716187}