{"train_loss": 0.005969420671463013, "dev_loss": 1.356741189956665, "test_loss": 0.948344886302948}