{"train_loss": 0.005637967765331268, "dev_loss": 1.3641804456710815, "test_loss": 0.9091386795043945}