{"train_loss": 0.005654732882976532, "dev_loss": 1.363390326499939, "test_loss": 0.9110009074211121}