{"train_loss": 0.006289022922515868, "dev_loss": 1.3600929975509644, "test_loss": 0.9864394068717957}