{"train_loss": 0.0065217682123184205, "dev_loss": 1.36576247215271, "test_loss": 1.0117075443267822}