{"train_loss": 0.0055229592323303225, "dev_loss": 1.3712151050567627, "test_loss": 0.8968230485916138}