{"train_loss": 0.005988268852233887, "dev_loss": 1.3567255735397339, "test_loss": 0.9506522417068481}