{"train_loss": 0.023331804513931274, "dev_loss": 2.315992593765259, "test_loss": 2.1035773754119873}