{"train_loss": 0.007096929728984833, "dev_loss": 1.3846642971038818, "test_loss": 1.064889907836914}