{"train_loss": 0.005840885162353517, "dev_loss": 1.357842206954956, "test_loss": 0.9326885342597961}