{"train_loss": 0.006794023215770721, "dev_loss": 1.3741259574890137, "test_loss": 1.03830885887146}