{"train_loss": 0.006477175772190094, "dev_loss": 1.3645422458648682, "test_loss": 1.0070545673370361}