{"train_loss": 0.006118710577487946, "dev_loss": 1.3574440479278564, "test_loss": 0.9664962887763977}