{"train_loss": 0.006071568727493286, "dev_loss": 1.3570302724838257, "test_loss": 0.9608076214790344}