{"train_loss": 0.006028239369392395, "dev_loss": 1.356798768043518, "test_loss": 0.955536961555481}