{"train_loss": 0.005558730244636536, "dev_loss": 1.3687058687210083, "test_loss": 0.9005666971206665}