{"train_loss": 0.016626261591911315, "dev_loss": 1.867942452430725, "test_loss": 1.665349006652832}