{"train_loss": 0.005720722675323485, "dev_loss": 1.3607861995697021, "test_loss": 0.9184905290603638}