{"train_loss": 0.005585265398025513, "dev_loss": 1.3670382499694824, "test_loss": 0.9033945202827454}