{"train_loss": 0.007189760386943818, "dev_loss": 1.3880836963653564, "test_loss": 1.0725616216659546}