{"train_loss": 0.020751504898071288, "dev_loss": 2.1402974128723145, "test_loss": 1.927721381187439}