{"train_loss": 0.005884941041469575, "dev_loss": 1.3572542667388916, "test_loss": 0.9380241632461548}