{"train_loss": 0.005951272726058961, "dev_loss": 1.3567888736724854, "test_loss": 0.9461234211921692}