{"train_loss": 0.005855083286762238, "dev_loss": 1.3576266765594482, "test_loss": 0.934402585029602}