{"train_loss": 0.013749330043792723, "dev_loss": 1.6919151544570923, "test_loss": 1.4922857284545898}