{"train_loss": 0.0055119808912277215, "dev_loss": 1.3720476627349854, "test_loss": 0.8956899642944336}