{"train_loss": 0.006257088005542755, "dev_loss": 1.3594779968261719, "test_loss": 0.9827854037284851}