{"train_loss": 0.005916923522949218, "dev_loss": 1.3569705486297607, "test_loss": 0.9419228434562683}