{"train_loss": 0.006435181617736817, "dev_loss": 1.3634439706802368, "test_loss": 1.0025913715362549}