{"train_loss": 0.005571705460548401, "dev_loss": 1.367870569229126, "test_loss": 0.9019440412521362}