{"train_loss": 0.011812952876091003, "dev_loss": 1.5905230045318604, "test_loss": 1.378713846206665}