{"train_loss": 0.008619841635227204, "dev_loss": 1.448471188545227, "test_loss": 1.1789166927337646}