{"train_loss": 0.00566343629360199, "dev_loss": 1.3630015850067139, "test_loss": 0.911974310874939}