{"train_loss": 0.005813832223415375, "dev_loss": 1.3583248853683472, "test_loss": 0.9294401407241821}