{"train_loss": 0.005528616249561309, "dev_loss": 1.3707973957061768, "test_loss": 0.8974099159240723}