{"train_loss": 0.005646246016025543, "dev_loss": 1.363783597946167, "test_loss": 0.9100561141967773}