{"train_loss": 0.006007860302925111, "dev_loss": 1.3567436933517456, "test_loss": 0.9530481100082397}