{"train_loss": 0.007402716994285583, "dev_loss": 1.3962173461914062, "test_loss": 1.0895519256591797}