{"train_loss": 0.006861025691032409, "dev_loss": 1.3763660192489624, "test_loss": 1.0444271564483643}