{"train_loss": 0.005933785796165466, "dev_loss": 1.3568660020828247, "test_loss": 0.9439837336540222}