{"train_loss": 0.006933386862277985, "dev_loss": 1.3788468837738037, "test_loss": 1.0508716106414795}