{"train_loss": 0.007011766791343689, "dev_loss": 1.3816007375717163, "test_loss": 1.0576781034469604}