{"train_loss": 0.0061977897882461545, "dev_loss": 1.3584716320037842, "test_loss": 0.9758906364440918}