{"train_loss": 0.691605395078659, "dev_loss": 0.9987168908119202, "test_loss": 0.9951335787773132}