{"train_loss": 0.5115485370159149, "dev_loss": 1.0406765937805176, "test_loss": 1.0415959358215332}