{"train_loss": 2.665712666511536, "dev_loss": 1.568031668663025, "test_loss": 1.5721803903579712}