{"train_loss": 0.5211667716503143, "dev_loss": 1.051955223083496, "test_loss": 1.05475652217865}