{"train_loss": 0.5168337941169738, "dev_loss": 1.0539250373840332, "test_loss": 1.0564748048782349}