{"train_loss": 0.517654973268509, "dev_loss": 1.062593698501587, "test_loss": 1.062279462814331}