{"train_loss": 0.5461681365966797, "dev_loss": 1.075333833694458, "test_loss": 1.0734742879867554}