{"train_loss": 0.5066874384880066, "dev_loss": 1.0211580991744995, "test_loss": 1.024271011352539}