{"train_loss": 0.5101229548454285, "dev_loss": 1.0262973308563232, "test_loss": 1.0274345874786377}