{"train_loss": 0.5042243868112564, "dev_loss": 1.0193684101104736, "test_loss": 1.022398829460144}