{"train_loss": 0.509545451402664, "dev_loss": 1.014951229095459, "test_loss": 1.0200681686401367}