{"train_loss": 0.5578552961349488, "dev_loss": 1.0482800006866455, "test_loss": 1.0458167791366577}