{"train_loss": 0.5056273460388183, "dev_loss": 1.017250895500183, "test_loss": 1.013716459274292}