{"train_loss": 0.5211319327354431, "dev_loss": 1.067683219909668, "test_loss": 1.0637527704238892}