{"train_loss": 0.5145817011594773, "dev_loss": 1.0545417070388794, "test_loss": 1.0541019439697266}