{"train_loss": 0.5334354579448699, "dev_loss": 1.0590063333511353, "test_loss": 1.0589123964309692}