{"train_loss": 0.5243128061294555, "dev_loss": 1.0428345203399658, "test_loss": 1.0437928438186646}