{"train_loss": 0.5883495569229126, "dev_loss": 1.0197958946228027, "test_loss": 1.0228346586227417}