{"train_loss": 0.6022334158420563, "dev_loss": 1.0253686904907227, "test_loss": 1.0207480192184448}