{"train_loss": 0.5080522179603577, "dev_loss": 1.0203773975372314, "test_loss": 1.0259581804275513}