{"train_loss": 0.5425672948360443, "dev_loss": 1.0659940242767334, "test_loss": 1.0734567642211914}