{"train_loss": 1.278620481491089, "dev_loss": 1.220941424369812, "test_loss": 1.2204316854476929}