{"train_loss": 0.5125522822141647, "dev_loss": 1.0473145246505737, "test_loss": 1.0481702089309692}