{"train_loss": 0.9460242211818696, "dev_loss": 1.1021162271499634, "test_loss": 1.1024234294891357}