{"train_loss": 0.5314110100269317, "dev_loss": 1.0488966703414917, "test_loss": 1.0504640340805054}