{"train_loss": 0.5783187150955199, "dev_loss": 1.0412510633468628, "test_loss": 1.0370032787322998}