{"train_loss": 0.548814183473587, "dev_loss": 1.0651307106018066, "test_loss": 1.0656580924987793}