{"train_loss": 0.5531711280345917, "dev_loss": 1.071288824081421, "test_loss": 1.067688226699829}