{"train_loss": 0.52888503074646, "dev_loss": 1.0408090353012085, "test_loss": 1.038183331489563}