{"train_loss": 0.5706208229064941, "dev_loss": 1.0527948141098022, "test_loss": 1.0508689880371094}