{"train_loss": 0.5390271663665771, "dev_loss": 1.0581377744674683, "test_loss": 1.058022379875183}