{"train_loss": 0.6185395240783691, "dev_loss": 0.9841016530990601, "test_loss": 0.9836750030517578}