{"train_loss": 0.642972230911255, "dev_loss": 0.9839347004890442, "test_loss": 0.9790750741958618}