{"train_loss": 0.5368589282035828, "dev_loss": 1.0568171739578247, "test_loss": 1.0572110414505005}