{"train_loss": 0.5223231971263885, "dev_loss": 1.0466372966766357, "test_loss": 1.046610951423645}