{"train_loss": 0.5270828485488892, "dev_loss": 1.0463711023330688, "test_loss": 1.053090214729309}