{"train_loss": 0.5075409322977066, "dev_loss": 1.0188050270080566, "test_loss": 1.015413522720337}