{"train_loss": 0.7813090860843659, "dev_loss": 1.040190577507019, "test_loss": 1.043981671333313}