{"train_loss": 0.5641373634338379, "dev_loss": 1.0463449954986572, "test_loss": 1.0419108867645264}