{"train_loss": 0.5138674825429916, "dev_loss": 1.0378531217575073, "test_loss": 1.036609172821045}