{"train_loss": 0.9024234236715842, "dev_loss": 0.9129074149065587, "test_loss": 0.9217677058323973}