{"train_loss": 3.3989201240114375, "dev_loss": 3.7081270254342606, "test_loss": 3.701410363299902}