{"train_loss": 0.6660190169215657, "dev_loss": 0.6509591492694999, "test_loss": 0.7319976328674466}