{"train_loss": 0.025519301891326902, "dev_loss": 2.3645284175872803, "test_loss": 2.3835487365722656}