{"train_loss": 0.029039889097213743, "dev_loss": 2.6989264488220215, "test_loss": 2.711495876312256}