{"train_loss": 1.1949317872524263, "dev_loss": 0.6686764359474182, "test_loss": 0.6697366833686829}