{"train_loss": 0.24936929494142535, "dev_loss": 0.3779362440109253, "test_loss": 0.375522643327713}