{"train_loss": 0.22674325853586197, "dev_loss": 0.3741918206214905, "test_loss": 0.3691031038761139}