{"train_loss": 0.4842614322900773, "dev_loss": 0.5169322490692139, "test_loss": 0.5138239860534668}