{"train_loss": 0.37289380133152006, "dev_loss": 0.4464567005634308, "test_loss": 0.4447793662548065}