{"train_loss": 0.5687721014022827, "dev_loss": 0.5555254817008972, "test_loss": 0.5579813122749329}