{"train_loss": 0.2289782822132111, "dev_loss": 0.367348313331604, "test_loss": 0.3702325224876404}