{"train_loss": 0.23436250239610673, "dev_loss": 0.3735772371292114, "test_loss": 0.3717629909515381}