{"train_loss": 0.246479532122612, "dev_loss": 0.37750253081321716, "test_loss": 0.3782366216182709}