{"train_loss": 0.34188779294490806, "dev_loss": 0.42599010467529297, "test_loss": 0.4233715236186981}