{"train_loss": 0.2796984225511551, "dev_loss": 0.3915950655937195, "test_loss": 0.39290645718574524}