{"train_loss": 0.25876774489879606, "dev_loss": 0.38554614782333374, "test_loss": 0.38522958755493164}