{"train_loss": 0.22517911642789837, "dev_loss": 0.38099563121795654, "test_loss": 0.3774304986000061}