{"train_loss": 0.22446281909942628, "dev_loss": 0.3790234327316284, "test_loss": 0.3794254958629608}