{"train_loss": 0.6575008034706116, "dev_loss": 0.5809832215309143, "test_loss": 0.582510769367218}