{"train_loss": 0.2296203076839447, "dev_loss": 0.36713939905166626, "test_loss": 0.3654356002807617}