{"train_loss": 0.23894641846418382, "dev_loss": 0.380618691444397, "test_loss": 0.37915775179862976}