{"train_loss": 0.25341548323631286, "dev_loss": 0.3810980021953583, "test_loss": 0.3816399872303009}