{"train_loss": 0.2325807109475136, "dev_loss": 0.3691674470901489, "test_loss": 0.37006527185440063}