{"train_loss": 0.23879185169935221, "dev_loss": 0.37498176097869873, "test_loss": 0.3758588135242462}