{"train_loss": 0.2371206670999527, "dev_loss": 0.37809011340141296, "test_loss": 0.37916696071624756}