{"train_loss": 0.2508862018585205, "dev_loss": 0.37356239557266235, "test_loss": 0.3765617609024048}