{"train_loss": 0.23306885808706282, "dev_loss": 0.3722706735134125, "test_loss": 0.37047868967056274}