{"train_loss": 0.29505779445171354, "dev_loss": 0.4088219702243805, "test_loss": 0.4104616343975067}