{"train_loss": 0.2351520135998726, "dev_loss": 0.3706735074520111, "test_loss": 0.36798784136772156}