{"train_loss": 0.22518697381019592, "dev_loss": 0.3792617619037628, "test_loss": 0.3759898245334625}