{"train_loss": 0.23221588581800462, "dev_loss": 0.3662184774875641, "test_loss": 0.3691217005252838}