{"train_loss": 0.27445702254772186, "dev_loss": 0.4000770151615143, "test_loss": 0.3967500627040863}