{"train_loss": 0.22733373492956163, "dev_loss": 0.3735465407371521, "test_loss": 0.3757624924182892}