{"train_loss": 0.2654022544622421, "dev_loss": 0.38872796297073364, "test_loss": 0.38580939173698425}