{"train_loss": 0.30556263327598576, "dev_loss": 0.4145297110080719, "test_loss": 0.4144434332847595}