{"train_loss": 0.24065030068159105, "dev_loss": 0.38237956166267395, "test_loss": 0.38030561804771423}