{"train_loss": 0.4192021250724793, "dev_loss": 0.4673696756362915, "test_loss": 0.4705795347690582}