{"train_loss": 0.320075324177742, "dev_loss": 0.41932162642478943, "test_loss": 0.4181182086467743}