{"train_loss": 0.2311793267726898, "dev_loss": 0.361850380897522, "test_loss": 0.3637171685695648}