{"train_loss": 0.2864797979593277, "dev_loss": 0.407385915517807, "test_loss": 0.4045828580856323}