{"train_loss": 0.2701935246586799, "dev_loss": 0.388999342918396, "test_loss": 0.3928748369216919}