{"train_loss": 0.2440217673778534, "dev_loss": 0.3782217800617218, "test_loss": 0.3770362436771393}