{"train_loss": 0.2619150221347809, "dev_loss": 0.38747191429138184, "test_loss": 0.3888879418373108}