{"train_loss": 0.2554451093077659, "dev_loss": 0.3837144672870636, "test_loss": 0.3861006498336792}