{"train_loss": 0.3346741925369194, "dev_loss": 0.3519525107833675, "test_loss": 0.3660442149201968}