{"train_loss": 0.0032281956672668456, "dev_loss": 0.31634169816970825, "test_loss": 0.3325261175632477}