{"train_loss": 0.0031523821651935576, "dev_loss": 0.3092934787273407, "test_loss": 0.3254670798778534}