{"train_loss": 0.004234320014715194, "dev_loss": 0.4096342921257019, "test_loss": 0.42661839723587036}