{"train_loss": 0.002793242603540421, "dev_loss": 0.2762966752052307, "test_loss": 0.2924996316432953}