{"train_loss": 0.0028066076040267943, "dev_loss": 0.2775004804134369, "test_loss": 0.2937011420726776}