{"train_loss": 0.003956281512975693, "dev_loss": 0.38402435183525085, "test_loss": 0.4007214903831482}