{"train_loss": 0.003049726903438568, "dev_loss": 0.29977717995643616, "test_loss": 0.3159480392932892}