{"train_loss": 0.002963427245616913, "dev_loss": 0.29181379079818726, "test_loss": 0.3079903721809387}