{"train_loss": 0.0034086726009845735, "dev_loss": 0.33315375447273254, "test_loss": 0.34939947724342346}