{"train_loss": 0.004130989104509353, "dev_loss": 0.40014082193374634, "test_loss": 0.41701430082321167}