{"train_loss": 0.0029728632569313053, "dev_loss": 0.2926822602748871, "test_loss": 0.30885791778564453}