{"train_loss": 0.0027617799639701843, "dev_loss": 0.27347859740257263, "test_loss": 0.28968626260757446}