{"train_loss": 0.0055302451848983775, "dev_loss": 0.526552140712738, "test_loss": 0.5449651479721069}