{"train_loss": 0.003014242053031921, "dev_loss": 0.2964978814125061, "test_loss": 0.3126703202724457}