{"train_loss": 0.002784840792417526, "dev_loss": 0.27554163336753845, "test_loss": 0.29174599051475525}