{"train_loss": 0.0033491709828376774, "dev_loss": 0.3276083469390869, "test_loss": 0.343828022480011}