{"train_loss": 0.009184933364391325, "dev_loss": 0.8472870588302612, "test_loss": 0.8667316436767578}