{"train_loss": 0.010463673651218416, "dev_loss": 0.9590643048286438, "test_loss": 0.978089451789856}