{"train_loss": 0.002754731386899948, "dev_loss": 0.2728509306907654, "test_loss": 0.28905946016311646}