{"train_loss": 0.0032724984884262088, "dev_loss": 0.3204657733440399, "test_loss": 0.3366604149341583}