{"train_loss": 0.0027768127322196964, "dev_loss": 0.2748219668865204, "test_loss": 0.2910275459289551}