{"train_loss": 0.0027582187056541443, "dev_loss": 0.27316123247146606, "test_loss": 0.2893693745136261}