{"train_loss": 0.0029826423823833465, "dev_loss": 0.2935832142829895, "test_loss": 0.30975794792175293}