{"train_loss": 0.0028260183930397037, "dev_loss": 0.27925488352775574, "test_loss": 0.2954520583152771}