{"train_loss": 0.00274796861410141, "dev_loss": 0.2722499370574951, "test_loss": 0.28845924139022827}