{"train_loss": 0.002898380577564239, "dev_loss": 0.28584426641464233, "test_loss": 0.3020291030406952}