{"train_loss": 0.0028652442395687107, "dev_loss": 0.2828184962272644, "test_loss": 0.29900872707366943}