{"train_loss": 0.004634662240743636, "dev_loss": 0.44612517952919006, "test_loss": 0.4635731279850006}