{"train_loss": 0.003025604337453842, "dev_loss": 0.29754722118377686, "test_loss": 0.3137190043926239}