{"train_loss": 0.0034765467643737796, "dev_loss": 0.33947867155075073, "test_loss": 0.35576149821281433}