{"train_loss": 0.003003310441970825, "dev_loss": 0.29548877477645874, "test_loss": 0.31166189908981323}