{"train_loss": 0.0028112812936305995, "dev_loss": 0.27792224287986755, "test_loss": 0.2941221594810486}