{"train_loss": 0.003814473986625672, "dev_loss": 0.3708929121494293, "test_loss": 0.38745400309562683}