{"train_loss": 0.014081783056259156, "dev_loss": 1.2807862758636475, "test_loss": 1.2976850271224976}