{"train_loss": 0.0034414553344249725, "dev_loss": 0.3362089991569519, "test_loss": 0.3524717092514038}