{"train_loss": 0.002954316824674606, "dev_loss": 0.2909756600856781, "test_loss": 0.30715322494506836}