{"train_loss": 0.016481671810150145, "dev_loss": 1.4997249841690063, "test_loss": 1.5149378776550293}