{"train_loss": 0.0032965745031833657, "dev_loss": 0.3227081000804901, "test_loss": 0.3389095664024353}