{"train_loss": 0.004350906550884247, "dev_loss": 0.42030811309814453, "test_loss": 0.4374226927757263}