{"train_loss": 0.0033220871984958648, "dev_loss": 0.32508474588394165, "test_loss": 0.3412944972515106}