{"train_loss": 0.003645753473043442, "dev_loss": 0.35522720217704773, "test_loss": 0.37163519859313965}