{"train_loss": 0.002891354888677597, "dev_loss": 0.285201758146286, "test_loss": 0.3013876676559448}