{"train_loss": 0.002945515513420105, "dev_loss": 0.29016661643981934, "test_loss": 0.3063451647758484}