{"train_loss": 0.0030759144425392152, "dev_loss": 0.3022010922431946, "test_loss": 0.3183715045452118}