{"train_loss": 0.0028475229740142823, "dev_loss": 0.281205952167511, "test_loss": 0.29739922285079956}