{"train_loss": 0.002905625104904175, "dev_loss": 0.28650736808776855, "test_loss": 0.30269110202789307}