{"train_loss": 0.002802046060562134, "dev_loss": 0.2770891785621643, "test_loss": 0.2932906150817871}