{"train_loss": 0.002884536951780319, "dev_loss": 0.28457877039909363, "test_loss": 0.3007657825946808}