{"train_loss": 0.0031699345111846924, "dev_loss": 0.3109239935874939, "test_loss": 0.32709941267967224}