{"train_loss": 0.01925584459304809, "dev_loss": 1.7580289840698242, "test_loss": 1.771345853805542}