{"train_loss": 0.0035547173619270324, "dev_loss": 0.34675854444503784, "test_loss": 0.36309394240379333}