{"train_loss": 0.0028209823966026306, "dev_loss": 0.278798907995224, "test_loss": 0.29499706625938416}