{"train_loss": 0.0028364878892898557, "dev_loss": 0.2802037298679352, "test_loss": 0.2963990271091461}