{"train_loss": 0.004809066146612167, "dev_loss": 0.46189337968826294, "test_loss": 0.4795476496219635}