{"train_loss": 0.004483290761709213, "dev_loss": 0.4323802888393402, "test_loss": 0.4496486186981201}