{"train_loss": 0.002920811384916305, "dev_loss": 0.28789883852005005, "test_loss": 0.30408045649528503}