{"train_loss": 0.00285326811671257, "dev_loss": 0.28172820806503296, "test_loss": 0.2979205250740051}