{"train_loss": 0.0037531640529632564, "dev_loss": 0.3652048707008362, "test_loss": 0.3817087411880493}