{"train_loss": 0.0031196918785572052, "dev_loss": 0.3062590956687927, "test_loss": 0.3224305510520935}