{"train_loss": 0.005011671483516693, "dev_loss": 0.48013561964035034, "test_loss": 0.49802178144454956}