{"train_loss": 0.0035984344780445095, "dev_loss": 0.350826621055603, "test_loss": 0.36719557642936707}