{"train_loss": 0.002772930681705475, "dev_loss": 0.274474561214447, "test_loss": 0.2906807065010071}