{"train_loss": 0.0030898678600788116, "dev_loss": 0.3034937083721161, "test_loss": 0.31966423988342285}