{"train_loss": 0.0027654169499874114, "dev_loss": 0.27380314469337463, "test_loss": 0.29001033306121826}