{"train_loss": 0.0036971449851989748, "dev_loss": 0.3600030243396759, "test_loss": 0.3764559030532837}