{"train_loss": 0.0058665815591812135, "dev_loss": 0.556487500667572, "test_loss": 0.5751836895942688}