{"train_loss": 0.0028311847150325775, "dev_loss": 0.27972298860549927, "test_loss": 0.2959192395210266}