{"train_loss": 0.0031044458746910092, "dev_loss": 0.30484503507614136, "test_loss": 0.3210158944129944}