{"train_loss": 0.003062545925378799, "dev_loss": 0.30096322298049927, "test_loss": 0.3171338438987732}