{"train_loss": 0.022346864938735958, "dev_loss": 2.051356077194214, "test_loss": 2.062798500061035}