{"train_loss": 0.002841931760311127, "dev_loss": 0.28069791197776794, "test_loss": 0.2968922555446625}