{"train_loss": 0.003188373506069183, "dev_loss": 0.3126378655433655, "test_loss": 0.32881563901901245}