{"train_loss": 0.0027513154447078698, "dev_loss": 0.27254718542099, "test_loss": 0.2887561023235321}