{"train_loss": 0.0028714908659458163, "dev_loss": 0.28338801860809326, "test_loss": 0.29957714676856995}