{"train_loss": 0.0027807814478874207, "dev_loss": 0.2751776874065399, "test_loss": 0.29138270020484924}