{"train_loss": 0.003135653465986252, "dev_loss": 0.30774015188217163, "test_loss": 0.3239125609397888}