{"train_loss": 0.007396927416324615, "dev_loss": 0.6913096904754639, "test_loss": 0.7107638716697693}