{"train_loss": 0.0030374229252338406, "dev_loss": 0.29863953590393066, "test_loss": 0.3148108124732971}