{"train_loss": 0.006273946106433868, "dev_loss": 0.5925849676132202, "test_loss": 0.6115645170211792}