{"train_loss": 0.01208064591884613, "dev_loss": 1.1016647815704346, "test_loss": 1.1198556423187256}