{"train_loss": 0.3346741925369194, "dev_loss": 1.147194494707812, "test_loss": 1.4476791645133167}