{"train_loss": 0.005249153137207032, "dev_loss": 0.5014351606369019, "test_loss": 0.5195758938789368}