{"train_loss": 0.0029287767708301546, "dev_loss": 0.2886294424533844, "test_loss": 0.3048100471496582}