{"train_loss": 0.002913098067045212, "dev_loss": 0.28719189763069153, "test_loss": 0.30337458848953247}