{"train_loss": 0.006774067759513855, "dev_loss": 0.6366800665855408, "test_loss": 0.6559239625930786}