{"train_loss": 0.002992784202098847, "dev_loss": 0.29451805353164673, "test_loss": 0.3106920123100281}