{"train_loss": 0.002797592580318451, "dev_loss": 0.27668800950050354, "test_loss": 0.2928902506828308}