{"train_loss": 0.0032077682316303253, "dev_loss": 0.3144412636756897, "test_loss": 0.33062198758125305}