{"train_loss": 0.002744688838720322, "dev_loss": 0.2719590663909912, "test_loss": 0.288168728351593}