{"train_loss": 0.0028160715699195858, "dev_loss": 0.2783549427986145, "test_loss": 0.2945539355278015}