{"train_loss": 0.004038865208625793, "dev_loss": 0.39165210723876953, "test_loss": 0.4084310531616211}