{"train_loss": 0.002788993209600448, "dev_loss": 0.2759146988391876, "test_loss": 0.2921183407306671}