{"train_loss": 0.0028591726124286656, "dev_loss": 0.2822655439376831, "test_loss": 0.2984567880630493}