{"train_loss": 0.003377975732088089, "dev_loss": 0.33029282093048096, "test_loss": 0.34652435779571533}