{"train_loss": 0.0027691329717636107, "dev_loss": 0.2741350829601288, "test_loss": 0.2903417646884918}