{"train_loss": 0.0035142027735710142, "dev_loss": 0.34298622608184814, "test_loss": 0.3592931628227234}