{"train_loss": 0.0038818642199039454, "dev_loss": 0.37713783979415894, "test_loss": 0.3937629759311676}