{"train_loss": 0.003249741047620773, "dev_loss": 0.3183469772338867, "test_loss": 0.33453595638275146}