{"train_loss": 0.0029370063841342928, "dev_loss": 0.28938502073287964, "test_loss": 0.3055645823478699}