{"train_loss": 0.008183121263980865, "dev_loss": 0.759962797164917, "test_loss": 0.7795134782791138}