{"train_loss": 0.0028779186308383947, "dev_loss": 0.2839743494987488, "test_loss": 0.3001624345779419}