{"train_loss": 0.7390071868896484, "dev_loss": 1.8787682056427002, "test_loss": 1.8765603303909302}