{"train_loss": 0.5512454032897949, "dev_loss": 1.2112884521484375, "test_loss": 1.2083122730255127}