{"train_loss": 0.5607896804809569, "dev_loss": 1.2151730060577393, "test_loss": 1.2050249576568604}