{"train_loss": 0.582075172662735, "dev_loss": 1.3658822774887085, "test_loss": 1.3629286289215088}