{"train_loss": 1.4768459081649778, "dev_loss": 1.7927300930023193, "test_loss": 1.7974752187728882}