{"train_loss": 0.5673436224460602, "dev_loss": 1.2462519407272339, "test_loss": 1.2510459423065186}