{"train_loss": 0.6103727996349335, "dev_loss": 1.5753110647201538, "test_loss": 1.5708833932876587}