{"train_loss": 0.5923933625221253, "dev_loss": 1.4943307638168335, "test_loss": 1.504961609840393}