{"train_loss": 0.5715566515922547, "dev_loss": 1.2885820865631104, "test_loss": 1.2897671461105347}