{"train_loss": 0.6563320159912109, "dev_loss": 1.8961358070373535, "test_loss": 1.8859188556671143}