{"train_loss": 0.5576414644718168, "dev_loss": 1.192891001701355, "test_loss": 1.1923927068710327}