{"train_loss": 0.6166968584060669, "dev_loss": 1.6413530111312866, "test_loss": 1.6369915008544922}