{"train_loss": 0.5971859753131865, "dev_loss": 1.5384618043899536, "test_loss": 1.5451936721801758}