{"train_loss": 0.5488811671733855, "dev_loss": 1.2053756713867188, "test_loss": 1.200793743133545}