{"train_loss": 0.5633654177188874, "dev_loss": 1.241141676902771, "test_loss": 1.242200493812561}