{"train_loss": 0.5691549837589264, "dev_loss": 1.2672642469406128, "test_loss": 1.2742400169372559}