{"train_loss": 0.5768262207508087, "dev_loss": 1.3040332794189453, "test_loss": 1.3073252439498901}