{"train_loss": 2.740741014480591, "dev_loss": 2.028346061706543, "test_loss": 2.0275142192840576}