{"train_loss": 0.6459641695022583, "dev_loss": 1.8064031600952148, "test_loss": 1.7980083227157593}