{"train_loss": 0.5587516844272613, "dev_loss": 1.1945940256118774, "test_loss": 1.1907663345336914}