{"train_loss": 0.7867199361324311, "dev_loss": 1.6293895244598389, "test_loss": 1.6312627792358398}