{"train_loss": 0.9345286905765533, "dev_loss": 1.4691863059997559, "test_loss": 1.4737327098846436}