{"train_loss": 0.6028672039508819, "dev_loss": 1.5438441038131714, "test_loss": 1.5530169010162354}