{"train_loss": 0.5539569556713104, "dev_loss": 1.2142307758331299, "test_loss": 1.2182705402374268}