{"train_loss": 0.6299332082271575, "dev_loss": 1.7031691074371338, "test_loss": 1.703460454940796}