{"train_loss": 0.8496753752231597, "dev_loss": 1.5337592363357544, "test_loss": 1.5320839881896973}