{"train_loss": 0.5749224305152894, "dev_loss": 1.2933263778686523, "test_loss": 1.3032841682434082}