{"train_loss": 1.0904755115509033, "dev_loss": 1.6400893926620483, "test_loss": 1.6398476362228394}