{"train_loss": 0.6855681002140045, "dev_loss": 2.0269575119018555, "test_loss": 2.0391757488250732}