{"train_loss": 0.5842896282672881, "dev_loss": 1.4101680517196655, "test_loss": 1.413661241531372}