{"train_loss": 0.5888562738895416, "dev_loss": 1.4546061754226685, "test_loss": 1.4490623474121094}