{"train_loss": 0.5519541978836059, "dev_loss": 1.2019226551055908, "test_loss": 1.1955899000167847}