{"train_loss": 0.6688323557376862, "dev_loss": 1.9735817909240723, "test_loss": 1.9699817895889282}