{"train_loss": 0.5629152238368988, "dev_loss": 1.232272982597351, "test_loss": 1.225346326828003}