{"train_loss": 0.5798501193523407, "dev_loss": 1.336100697517395, "test_loss": 1.330607295036316}