{"train_loss": 0.6242663085460662, "dev_loss": 1.7143815755844116, "test_loss": 1.724463939666748}