{"train_loss": 0.7070691347122191, "dev_loss": 2.0656309127807617, "test_loss": 2.063854455947876}