{"train_loss": 0.6375466346740721, "dev_loss": 1.7252147197723389, "test_loss": 1.7177753448486328}