{"train_loss": 0.5663967907428742, "dev_loss": 1.2414062023162842, "test_loss": 1.2448264360427856}