{"train_loss": 0.5553728103637695, "dev_loss": 1.2012795209884644, "test_loss": 1.2085269689559937}