{"train_loss": 3.3974031928224924, "dev_loss": 3.7009441323169767, "test_loss": 3.6925875705444757}