{"train_loss": 0.426306340098381, "dev_loss": 0.8952270150184631, "test_loss": 0.8997841477394104}