{"train_loss": 0.4004701763391495, "dev_loss": 0.7997846007347107, "test_loss": 0.805335283279419}