{"train_loss": 0.4158735960721969, "dev_loss": 0.8540245890617371, "test_loss": 0.8510916233062744}