{"train_loss": 0.3941368818283081, "dev_loss": 0.7963299751281738, "test_loss": 0.7969998717308044}