{"train_loss": 0.5177723675966263, "dev_loss": 1.1513874530792236, "test_loss": 1.1443138122558594}