{"train_loss": 0.3829818189144134, "dev_loss": 0.7612110376358032, "test_loss": 0.7611686587333679}