{"train_loss": 0.46285437047481537, "dev_loss": 1.1212214231491089, "test_loss": 1.127472162246704}