{"train_loss": 0.3965705454349518, "dev_loss": 0.7968865633010864, "test_loss": 0.7944120168685913}