{"train_loss": 0.7395949840545655, "dev_loss": 1.106864094734192, "test_loss": 1.1040531396865845}