{"train_loss": 0.41064563989639286, "dev_loss": 0.8380026817321777, "test_loss": 0.842247486114502}