{"train_loss": 0.41392078101634977, "dev_loss": 0.8467912077903748, "test_loss": 0.8458512425422668}