{"train_loss": 2.0029792189598083, "dev_loss": 1.356508731842041, "test_loss": 1.3602949380874634}