{"train_loss": 0.40573717653751373, "dev_loss": 0.8404030203819275, "test_loss": 0.8369771838188171}