{"train_loss": 0.38509795963764193, "dev_loss": 0.7805704474449158, "test_loss": 0.7784948348999023}