{"train_loss": 0.3832414478063584, "dev_loss": 0.7659267783164978, "test_loss": 0.7666930556297302}