{"train_loss": 0.4406499654054642, "dev_loss": 1.0085691213607788, "test_loss": 1.0144544839859009}