{"train_loss": 0.45401230156421657, "dev_loss": 1.118290662765503, "test_loss": 1.1137337684631348}