{"train_loss": 0.4966326177120209, "dev_loss": 1.1327275037765503, "test_loss": 1.1297773122787476}