{"train_loss": 0.4827105343341827, "dev_loss": 1.1200281381607056, "test_loss": 1.1216167211532593}