{"train_loss": 0.6050443768501281, "dev_loss": 1.1387808322906494, "test_loss": 1.1445379257202148}