{"train_loss": 0.40350032746791836, "dev_loss": 0.8252266049385071, "test_loss": 0.8264095783233643}