{"train_loss": 0.39243404269218446, "dev_loss": 0.7973716855049133, "test_loss": 0.7948448061943054}