{"train_loss": 0.3948475033044815, "dev_loss": 0.7869537472724915, "test_loss": 0.7879471182823181}