{"train_loss": 0.41161156296730045, "dev_loss": 0.8475846648216248, "test_loss": 0.8519916534423828}