{"train_loss": 0.3990773379802704, "dev_loss": 0.7996184825897217, "test_loss": 0.7992775440216064}