{"train_loss": 0.4294695407152176, "dev_loss": 0.9271520972251892, "test_loss": 0.9221994280815125}