{"train_loss": 0.4183120012283325, "dev_loss": 0.8441620469093323, "test_loss": 0.8464899063110352}