{"train_loss": 0.3853834360837936, "dev_loss": 0.7667149901390076, "test_loss": 0.7693105936050415}