{"train_loss": 0.38798899054527275, "dev_loss": 0.7963315844535828, "test_loss": 0.7972749471664429}