{"train_loss": 0.4081280082464218, "dev_loss": 0.8478528261184692, "test_loss": 0.839538037776947}