{"train_loss": 0.43497739434242255, "dev_loss": 0.9522629380226135, "test_loss": 0.9558302164077759}