{"train_loss": 0.548848009109497, "dev_loss": 1.1646287441253662, "test_loss": 1.1670093536376953}