{"train_loss": 0.4198430895805359, "dev_loss": 0.8721845746040344, "test_loss": 0.8642584085464478}