{"train_loss": 0.4024605512619019, "dev_loss": 0.7966488599777222, "test_loss": 0.8048923015594482}