{"train_loss": 0.3905042856931686, "dev_loss": 0.785495936870575, "test_loss": 0.788746178150177}