{"train_loss": 0.38990488946437835, "dev_loss": 0.7896398901939392, "test_loss": 0.7907352447509766}