{"train_loss": 0.47182419002056125, "dev_loss": 1.1291565895080566, "test_loss": 1.1244120597839355}