{"train_loss": 0.4473115772008896, "dev_loss": 1.0762836933135986, "test_loss": 1.0670018196105957}