{"train_loss": 0.38739103376865386, "dev_loss": 0.782268762588501, "test_loss": 0.7808420658111572}