{"train_loss": 0.42283374965190884, "dev_loss": 0.8834283947944641, "test_loss": 0.883965015411377}