{"train_loss": 3.429179120063782, "dev_loss": 3.4349656105041504, "test_loss": 3.4400553703308105}