{"train_loss": 3.4388338565826415, "dev_loss": 3.4478306770324707, "test_loss": 3.4536609649658203}