{"train_loss": 3.452252006530762, "dev_loss": 3.4646477699279785, "test_loss": 3.4716269969940186}