{"train_loss": 3.4226752042770383, "dev_loss": 3.4157328605651855, "test_loss": 3.4212887287139893}