{"train_loss": 3.421328949928283, "dev_loss": 3.4194233417510986, "test_loss": 3.4239630699157715}