{"train_loss": 3.4234062194824215, "dev_loss": 3.425471544265747, "test_loss": 3.430145740509033}