{"train_loss": 0.036319298267364505, "dev_loss": 3.65922474861145, "test_loss": 3.652440309524536}