{"train_loss": 0.03656384658813477, "dev_loss": 3.679661512374878, "test_loss": 3.665189027786255}