{"train_loss": 0.03591886806488037, "dev_loss": 3.615316390991211, "test_loss": 3.601278781890869}