{"train_loss": 0.03632381796836853, "dev_loss": 3.6513047218322754, "test_loss": 3.638848066329956}