{"train_loss": 0.03668977856636048, "dev_loss": 3.6943271160125732, "test_loss": 3.681121349334717}