{"train_loss": 0.036370172262191774, "dev_loss": 3.664954662322998, "test_loss": 3.6574759483337402}