{"train_loss": 0.034628177642822264, "dev_loss": 3.478773832321167, "test_loss": 3.46882700920105}