{"train_loss": 0.036481417417526245, "dev_loss": 3.6698851585388184, "test_loss": 3.6557602882385254}