{"train_loss": 0.036582568883895876, "dev_loss": 3.684709072113037, "test_loss": 3.672503709793091}