{"train_loss": 0.036681431293487554, "dev_loss": 3.6937408447265625, "test_loss": 3.680643081665039}