{"train_loss": 0.03652252197265625, "dev_loss": 3.6748149394989014, "test_loss": 3.6604323387145996}