{"train_loss": 3.400114462183125, "dev_loss": 3.6920626324219272, "test_loss": 3.694279845714031}