{"train_loss": 0.03658416366577148, "dev_loss": 3.6820075511932373, "test_loss": 3.667555332183838}