{"train_loss": 0.03665664148330689, "dev_loss": 3.691549301147461, "test_loss": 3.6785457134246826}