{"train_loss": 0.03660278296470642, "dev_loss": 3.686546802520752, "test_loss": 3.6740078926086426}