{"train_loss": 0.036144635200500486, "dev_loss": 3.639416456222534, "test_loss": 3.633984327316284}