{"train_loss": 0.03646127414703369, "dev_loss": 3.6740829944610596, "test_loss": 3.6648449897766113}