{"train_loss": 0.03657304692268371, "dev_loss": 3.6838574409484863, "test_loss": 3.671841859817505}