{"train_loss": 0.03620194840431213, "dev_loss": 3.6405422687530518, "test_loss": 3.627528667449951}