{"train_loss": 0.03639082670211792, "dev_loss": 3.6671860218048096, "test_loss": 3.659369707107544}