{"train_loss": 0.03656385159492492, "dev_loss": 3.6830430030822754, "test_loss": 3.671229839324951}