{"train_loss": 0.03549855518341064, "dev_loss": 3.572300672531128, "test_loss": 3.5587494373321533}