{"train_loss": 0.034278781414031984, "dev_loss": 3.421203136444092, "test_loss": 3.4239306449890137}