{"train_loss": 0.03640098500251769, "dev_loss": 3.6599249839782715, "test_loss": 3.646752119064331}