{"train_loss": 0.03624715352058411, "dev_loss": 3.65093994140625, "test_loss": 3.644871473312378}