{"train_loss": 0.036435870409011833, "dev_loss": 3.6717238426208496, "test_loss": 3.6630446910858154}