{"train_loss": 0.03608482837677002, "dev_loss": 3.6304969787597656, "test_loss": 3.616875410079956}