{"train_loss": 0.03434767961502075, "dev_loss": 3.4432551860809326, "test_loss": 3.437567949295044}