{"train_loss": 0.03666757893562317, "dev_loss": 3.6914310455322266, "test_loss": 3.677572250366211}