{"train_loss": 0.03649507141113281, "dev_loss": 3.6770782470703125, "test_loss": 3.6670219898223877}