{"train_loss": 0.03637983632087708, "dev_loss": 3.6573410034179688, "test_loss": 3.6444714069366455}