{"train_loss": 0.036478154897689824, "dev_loss": 3.675593614578247, "test_loss": 3.665956497192383}