{"train_loss": 0.036452834844589235, "dev_loss": 3.6733126640319824, "test_loss": 3.6642653942108154}