{"train_loss": 0.036286592721939084, "dev_loss": 3.655468463897705, "test_loss": 3.6490416526794434}