{"train_loss": 0.03483180975914001, "dev_loss": 3.5017356872558594, "test_loss": 3.4902873039245605}