{"train_loss": 0.035053795337677, "dev_loss": 3.525228977203369, "test_loss": 3.5129482746124268}