{"train_loss": 0.03655491518974304, "dev_loss": 3.6822593212127686, "test_loss": 3.67065691947937}