{"train_loss": 0.03425783205032349, "dev_loss": 3.4251303672790527, "test_loss": 3.424966335296631}