{"train_loss": 0.03641854453086853, "dev_loss": 3.6700358390808105, "test_loss": 3.6617088317871094}