{"train_loss": 0.03642727756500244, "dev_loss": 3.67089581489563, "test_loss": 3.6623950004577637}