{"train_loss": 0.03652049374580383, "dev_loss": 3.67927885055542, "test_loss": 3.6685638427734375}