{"train_loss": 0.036603857278823856, "dev_loss": 3.684257984161377, "test_loss": 3.6698665618896484}