{"train_loss": 0.03664629364013672, "dev_loss": 3.6905906200408936, "test_loss": 3.6776366233825684}