{"train_loss": 0.03668660473823547, "dev_loss": 3.694138288497925, "test_loss": 3.6809964179992676}