{"train_loss": 0.03617314291000366, "dev_loss": 3.6425719261169434, "test_loss": 3.636998414993286}