{"train_loss": 0.03619983386993408, "dev_loss": 3.6455626487731934, "test_loss": 3.63983416557312}