{"train_loss": 0.036380786180496213, "dev_loss": 3.666111469268799, "test_loss": 3.6584632396698}