{"train_loss": 0.036654826164245605, "dev_loss": 3.6899971961975098, "test_loss": 3.675978422164917}