{"train_loss": 0.03646114110946655, "dev_loss": 3.667410373687744, "test_loss": 3.653470277786255}