{"train_loss": 0.03662251377105713, "dev_loss": 3.686370372772217, "test_loss": 3.672076463699341}