{"train_loss": 0.03667452406883239, "dev_loss": 3.6931583881378174, "test_loss": 3.680091381072998}