{"train_loss": 0.0364096143245697, "dev_loss": 3.669137477874756, "test_loss": 3.660982608795166}