{"train_loss": 0.03662441611289979, "dev_loss": 3.6885502338409424, "test_loss": 3.675757884979248}