{"train_loss": 0.03622452044486999, "dev_loss": 3.64835786819458, "test_loss": 3.642462968826294}