{"train_loss": 0.03650189065933227, "dev_loss": 3.6723544597625732, "test_loss": 3.658081531524658}