{"train_loss": 0.036690696001052854, "dev_loss": 3.694286823272705, "test_loss": 3.680992603302002}