{"train_loss": 0.03446304154396057, "dev_loss": 3.4588096141815186, "test_loss": 3.4508419036865234}