{"train_loss": 0.03651201367378235, "dev_loss": 3.678546905517578, "test_loss": 3.6680541038513184}