{"train_loss": 0.0366354455947876, "dev_loss": 3.6895790100097656, "test_loss": 3.676694393157959}