{"train_loss": 0.03626780104637146, "dev_loss": 3.6533076763153076, "test_loss": 3.6470608711242676}