{"train_loss": 0.03659247446060181, "dev_loss": 3.6856048107147217, "test_loss": 3.6732234954833984}