{"train_loss": 0.036400401830673224, "dev_loss": 3.6681911945343018, "test_loss": 3.660205364227295}