{"train_loss": 0.0363555793762207, "dev_loss": 3.654564619064331, "test_loss": 3.6419639587402344}