{"train_loss": 0.03667761492729187, "dev_loss": 3.692577362060547, "test_loss": 3.6788792610168457}