{"train_loss": 0.036689102411270144, "dev_loss": 3.6939940452575684, "test_loss": 3.6805858612060547}