{"train_loss": 0.03644106435775757, "dev_loss": 3.664929151535034, "test_loss": 3.6512115001678467}