{"train_loss": 0.036469708919525154, "dev_loss": 3.674842357635498, "test_loss": 3.66540789604187}