{"train_loss": 0.03527609419822693, "dev_loss": 3.5486819744110107, "test_loss": 3.5357959270477295}