{"train_loss": 0.03652899646759033, "dev_loss": 3.6800124645233154, "test_loss": 3.6690735816955566}