{"train_loss": 0.03668478798866272, "dev_loss": 3.693429470062256, "test_loss": 3.679884672164917}