{"train_loss": 0.034281531333923344, "dev_loss": 3.432295560836792, "test_loss": 3.429227828979492}