{"train_loss": 0.03653754019737244, "dev_loss": 3.6807503700256348, "test_loss": 3.6695873737335205}