{"train_loss": 0.036543222188949585, "dev_loss": 3.6772561073303223, "test_loss": 3.662806749343872}