{"train_loss": 0.03661346530914307, "dev_loss": 3.6875319480895996, "test_loss": 3.6748554706573486}