{"train_loss": 0.036444378614425656, "dev_loss": 3.67252779006958, "test_loss": 3.6636672019958496}