{"train_loss": 0.03650354027748108, "dev_loss": 3.67781400680542, "test_loss": 3.667541027069092}