{"train_loss": 0.03666616129875183, "dev_loss": 3.692417621612549, "test_loss": 3.6793785095214844}