{"train_loss": 0.035716798067092895, "dev_loss": 3.595188617706299, "test_loss": 3.58117413520813}