{"train_loss": 0.0364211106300354, "dev_loss": 3.6624388694763184, "test_loss": 3.6489779949188232}