{"train_loss": 0.03633357787132263, "dev_loss": 3.660853862762451, "test_loss": 3.6538925170898438}