{"train_loss": 0.03648660802841187, "dev_loss": 3.6763381958007812, "test_loss": 3.666494369506836}