{"train_loss": 0.036546164035797114, "dev_loss": 3.681497097015381, "test_loss": 3.6701126098632812}