{"train_loss": 0.03635885763168335, "dev_loss": 3.663703441619873, "test_loss": 3.6563949584960938}