{"train_loss": 0.03663966393470764, "dev_loss": 3.688298463821411, "test_loss": 3.6741318702697754}