{"train_loss": 0.036276669025421135, "dev_loss": 3.64697003364563, "test_loss": 3.6344001293182373}