{"train_loss": 0.03630369758605957, "dev_loss": 3.657435178756714, "test_loss": 3.650829315185547}