{"train_loss": 0.03639667010307312, "dev_loss": 3.6336827278137207, "test_loss": 3.6483116149902344}