{"train_loss": 0.036457650184631346, "dev_loss": 3.6411266326904297, "test_loss": 3.655968427658081}