{"train_loss": 0.03646381449699402, "dev_loss": 3.6417946815490723, "test_loss": 3.656609058380127}