{"train_loss": 0.036548920154571535, "dev_loss": 3.651501417160034, "test_loss": 3.6652004718780518}