{"train_loss": 0.036095499992370605, "dev_loss": 3.617140531539917, "test_loss": 3.627668857574463}