{"train_loss": 0.036133260250091545, "dev_loss": 3.6274571418762207, "test_loss": 3.6369259357452393}