{"train_loss": 0.03578113532066345, "dev_loss": 3.5950493812561035, "test_loss": 3.59240460395813}