{"train_loss": 0.0362121434211731, "dev_loss": 3.613863468170166, "test_loss": 3.628396987915039}