{"train_loss": 0.03446992111206055, "dev_loss": 3.4583725929260254, "test_loss": 3.4582877159118652}