{"train_loss": 0.0355365173816681, "dev_loss": 3.5770363807678223, "test_loss": 3.5797524452209473}