{"train_loss": 0.036719938039779666, "dev_loss": 3.6759181022644043, "test_loss": 3.688626527786255}