{"train_loss": 0.03613334631919861, "dev_loss": 3.6078457832336426, "test_loss": 3.6215453147888184}