{"train_loss": 0.03645173001289368, "dev_loss": 3.640472888946533, "test_loss": 3.655332088470459}