{"train_loss": 0.036514827728271484, "dev_loss": 3.6472549438476562, "test_loss": 3.661611557006836}