{"train_loss": 0.03637764739990234, "dev_loss": 3.6313400268554688, "test_loss": 3.645921230316162}