{"train_loss": 0.03572958421707153, "dev_loss": 3.5941290855407715, "test_loss": 3.5988128185272217}