{"train_loss": 0.03582510948181152, "dev_loss": 3.590017795562744, "test_loss": 3.595099925994873}