{"train_loss": 0.0364833173751831, "dev_loss": 3.6438651084899902, "test_loss": 3.6585533618927}