{"train_loss": 0.03648990702629089, "dev_loss": 3.644562244415283, "test_loss": 3.6591949462890625}