{"train_loss": 0.03656786918640136, "dev_loss": 3.6546072959899902, "test_loss": 3.6678433418273926}