{"train_loss": 0.036530889511108396, "dev_loss": 3.6491169929504395, "test_loss": 3.663217544555664}