{"train_loss": 0.03636637115478516, "dev_loss": 3.6299891471862793, "test_loss": 3.6445648670196533}