{"train_loss": 0.03674474668502808, "dev_loss": 3.6828815937042236, "test_loss": 3.6918511390686035}