{"train_loss": 0.03436953234672546, "dev_loss": 3.4432239532470703, "test_loss": 3.4437718391418457}