{"train_loss": 0.036021486997604366, "dev_loss": 3.607372999191284, "test_loss": 3.6174540519714355}