{"train_loss": 0.03647671675682068, "dev_loss": 3.6431679725646973, "test_loss": 3.657905101776123}