{"train_loss": 0.035766230106353755, "dev_loss": 3.5804030895233154, "test_loss": 3.5857956409454346}