{"train_loss": 0.03675190901756286, "dev_loss": 3.679403781890869, "test_loss": 3.6912293434143066}