{"train_loss": 0.036496414899826045, "dev_loss": 3.6452534198760986, "test_loss": 3.659824848175049}