{"train_loss": 0.036761115312576295, "dev_loss": 3.683232545852661, "test_loss": 3.692500591278076}