{"train_loss": 0.036095422029495235, "dev_loss": 3.605318546295166, "test_loss": 3.6184744834899902}