{"train_loss": 0.0356227617263794, "dev_loss": 3.5741851329803467, "test_loss": 3.5754122734069824}