{"train_loss": 0.03654027462005615, "dev_loss": 3.6503024101257324, "test_loss": 3.664210081100464}