{"train_loss": 0.036418262720108036, "dev_loss": 3.6364243030548096, "test_loss": 3.6511764526367188}