{"train_loss": 0.03644057416915893, "dev_loss": 3.6391921043395996, "test_loss": 3.6540560722351074}