{"train_loss": 0.03652581381797791, "dev_loss": 3.6485114097595215, "test_loss": 3.662701368331909}