{"train_loss": 0.03672911167144776, "dev_loss": 3.6805481910705566, "test_loss": 3.690638303756714}