{"train_loss": 0.036339873552322384, "dev_loss": 3.626908779144287, "test_loss": 3.6415133476257324}