{"train_loss": 0.0353001594543457, "dev_loss": 3.5551631450653076, "test_loss": 3.556060314178467}