{"train_loss": 0.035750970840454095, "dev_loss": 3.5959198474884033, "test_loss": 3.5917747020721436}