{"train_loss": 0.035913042783737185, "dev_loss": 3.5945935249328613, "test_loss": 3.6031181812286377}