{"train_loss": 0.036557525396347046, "dev_loss": 3.6528351306915283, "test_loss": 3.6663079261779785}