{"train_loss": 0.0367514705657959, "dev_loss": 3.683532238006592, "test_loss": 3.692263126373291}