{"train_loss": 0.0359901053905487, "dev_loss": 3.5986924171447754, "test_loss": 3.609973907470703}