{"train_loss": 0.036562279224395755, "dev_loss": 3.653632640838623, "test_loss": 3.666987657546997}