{"train_loss": 0.036404655456542964, "dev_loss": 3.6346888542175293, "test_loss": 3.6493561267852783}