{"train_loss": 0.03644605445861816, "dev_loss": 3.6398301124572754, "test_loss": 3.6546974182128906}