{"train_loss": 3.3993486738544507, "dev_loss": 3.702422087292175, "test_loss": 3.693517432047184}