{"train_loss": 0.03675789642333985, "dev_loss": 3.683563232421875, "test_loss": 3.6924831867218018}