{"train_loss": 0.03481355810165405, "dev_loss": 3.5023765563964844, "test_loss": 3.501493453979492}