{"train_loss": 0.03650277066230774, "dev_loss": 3.645934581756592, "test_loss": 3.6604392528533936}