{"train_loss": 0.03641180229187012, "dev_loss": 3.6355984210968018, "test_loss": 3.6503078937530518}