{"train_loss": 0.0365356993675232, "dev_loss": 3.649712085723877, "test_loss": 3.6637187004089355}