{"train_loss": 0.03676337099075318, "dev_loss": 3.6813864707946777, "test_loss": 3.6921393871307373}