{"train_loss": 0.03654465770721436, "dev_loss": 3.6508948802948, "test_loss": 3.6647002696990967}