{"train_loss": 0.03629055881500244, "dev_loss": 3.621488571166992, "test_loss": 3.636186122894287}