{"train_loss": 0.03616389083862305, "dev_loss": 3.610013246536255, "test_loss": 3.624098300933838}