{"train_loss": 0.03613880062103272, "dev_loss": 3.6238512992858887, "test_loss": 3.6342453956604004}