{"train_loss": 0.036741122007369995, "dev_loss": 3.682389497756958, "test_loss": 3.69158673286438}