{"train_loss": 0.03461908197402954, "dev_loss": 3.4784209728240967, "test_loss": 3.477752685546875}