{"train_loss": 0.03652046298980713, "dev_loss": 3.6478912830352783, "test_loss": 3.6621665954589844}