{"train_loss": 0.035801058769226075, "dev_loss": 3.59049654006958, "test_loss": 3.5928053855895996}