{"train_loss": 0.036720477819442744, "dev_loss": 3.6792945861816406, "test_loss": 3.6899399757385254}