{"train_loss": 0.03559700107574463, "dev_loss": 3.582343578338623, "test_loss": 3.5799689292907715}