{"train_loss": 0.036189516305923465, "dev_loss": 3.6119792461395264, "test_loss": 3.6263327598571777}