{"train_loss": 0.0360823814868927, "dev_loss": 3.624133586883545, "test_loss": 3.6329097747802734}