{"train_loss": 0.0367332751750946, "dev_loss": 3.6811938285827637, "test_loss": 3.6909725666046143}