{"train_loss": 0.0365857138633728, "dev_loss": 3.6577537059783936, "test_loss": 3.6707873344421387}