{"train_loss": 0.03674818348884583, "dev_loss": 3.683269500732422, "test_loss": 3.6920783519744873}