{"train_loss": 0.03676382613182067, "dev_loss": 3.68255615234375, "test_loss": 3.6924216747283936}