{"train_loss": 0.03630812931060791, "dev_loss": 3.6233749389648438, "test_loss": 3.638043165206909}