{"train_loss": 0.035926892518997194, "dev_loss": 3.5948715209960938, "test_loss": 3.6045994758605957}