{"train_loss": 0.03667316341400147, "dev_loss": 3.6706337928771973, "test_loss": 3.6836819648742676}