{"train_loss": 0.036630927085876466, "dev_loss": 3.66497802734375, "test_loss": 3.678009510040283}