{"train_loss": 0.036387712001800535, "dev_loss": 3.6325697898864746, "test_loss": 3.6471691131591797}