{"train_loss": 0.03599852299690247, "dev_loss": 3.6174232959747314, "test_loss": 3.6252293586730957}