{"train_loss": 0.03643519496917724, "dev_loss": 3.638547897338867, "test_loss": 3.653397798538208}