{"train_loss": 0.036151705741882326, "dev_loss": 3.6273436546325684, "test_loss": 3.6373424530029297}