{"train_loss": 0.03604778409004211, "dev_loss": 3.602278470993042, "test_loss": 3.6146621704101562}