{"train_loss": 0.03504604840278625, "dev_loss": 3.528998851776123, "test_loss": 3.5286240577697754}