{"train_loss": 0.03655315685272217, "dev_loss": 3.652139186859131, "test_loss": 3.665727138519287}