{"train_loss": 0.036508923053741454, "dev_loss": 3.6466031074523926, "test_loss": 3.6610360145568848}