{"train_loss": 0.03672483921051025, "dev_loss": 3.6799087524414062, "test_loss": 3.6902942657470703}