{"train_loss": 0.03588152527809143, "dev_loss": 3.6074283123016357, "test_loss": 3.613870620727539}