{"train_loss": 0.036602700233459476, "dev_loss": 3.660614490509033, "test_loss": 3.673609495162964}