{"train_loss": 0.036324625015258794, "dev_loss": 3.6251907348632812, "test_loss": 3.6398258209228516}