{"train_loss": 0.03579071187973022, "dev_loss": 3.5925800800323486, "test_loss": 3.59222149848938}