{"train_loss": 0.036233043670654295, "dev_loss": 3.6157402992248535, "test_loss": 3.6303837299346924}