{"train_loss": 0.035678995370864865, "dev_loss": 3.5922064781188965, "test_loss": 3.587981700897217}