{"train_loss": 0.03657513856887817, "dev_loss": 3.6558964252471924, "test_loss": 3.669020414352417}