{"train_loss": 0.0343268084526062, "dev_loss": 3.4284279346466064, "test_loss": 3.4300484657287598}