{"train_loss": 0.03642979097366333, "dev_loss": 3.637883424758911, "test_loss": 3.652708053588867}