{"train_loss": 0.0362721073627472, "dev_loss": 3.619565963745117, "test_loss": 3.634277820587158}