{"train_loss": 0.03673729133605957, "dev_loss": 3.6818175315856934, "test_loss": 3.6912906169891357}