{"train_loss": 0.03675468158721924, "dev_loss": 3.683642864227295, "test_loss": 3.6923999786376953}