{"train_loss": 0.036424202919006346, "dev_loss": 3.6371803283691406, "test_loss": 3.651972532272339}