{"train_loss": 0.03586830282211304, "dev_loss": 3.5916342735290527, "test_loss": 3.599276065826416}