{"train_loss": 0.03431947588920593, "dev_loss": 3.4333157539367676, "test_loss": 3.434389591217041}