{"train_loss": 0.0363537962436676, "dev_loss": 3.6285109519958496, "test_loss": 3.6430954933166504}