{"train_loss": 0.0364701886177063, "dev_loss": 3.6424758434295654, "test_loss": 3.6572563648223877}