{"train_loss": 0.007939009606838228, "dev_loss": 0.7941656708717346, "test_loss": 0.7778950929641724}