{"train_loss": 0.00620816344022751, "dev_loss": 0.6274081468582153, "test_loss": 0.6146843433380127}