{"train_loss": 0.029200852155685422, "dev_loss": 2.721700429916382, "test_loss": 2.725759506225586}