{"train_loss": 0.009019453167915345, "dev_loss": 0.8931075930595398, "test_loss": 0.8769664764404297}