{"train_loss": 0.006042693436145783, "dev_loss": 0.6112305521965027, "test_loss": 0.5991705060005188}