{"train_loss": 0.0064526468515396125, "dev_loss": 0.6513733267784119, "test_loss": 0.6378186941146851}