{"train_loss": 0.006140855431556701, "dev_loss": 0.6208173036575317, "test_loss": 0.6083534955978394}