{"train_loss": 0.0076747040748596194, "dev_loss": 0.769271969795227, "test_loss": 0.7532386779785156}