{"train_loss": 0.0068572180867195135, "dev_loss": 0.6908532381057739, "test_loss": 0.6762242913246155}