{"train_loss": 0.005857103228569031, "dev_loss": 0.593303382396698, "test_loss": 0.5820772647857666}