{"train_loss": 0.025701992511749268, "dev_loss": 2.392756700515747, "test_loss": 2.394063711166382}