{"train_loss": 0.006428877294063568, "dev_loss": 0.649044394493103, "test_loss": 0.6355633735656738}