{"train_loss": 0.005891056418418884, "dev_loss": 0.596552312374115, "test_loss": 0.5851666331291199}