{"train_loss": 0.005965622603893281, "dev_loss": 0.603742241859436, "test_loss": 0.5920177102088928}