{"train_loss": 0.0063843726515769965, "dev_loss": 0.6446825861930847, "test_loss": 0.6313432455062866}