{"train_loss": 0.006128628075122833, "dev_loss": 0.6196210980415344, "test_loss": 0.6072060465812683}