{"train_loss": 0.011015228986740113, "dev_loss": 1.0687472820281982, "test_loss": 1.0549068450927734}