{"train_loss": 0.005936387121677399, "dev_loss": 0.6009154915809631, "test_loss": 0.5893220901489258}