{"train_loss": 0.005929483115673066, "dev_loss": 0.6002492904663086, "test_loss": 0.5886871814727783}