{"train_loss": 0.006811742663383483, "dev_loss": 0.6864343881607056, "test_loss": 0.671911895275116}