{"train_loss": 0.006052411556243896, "dev_loss": 0.6121777296066284, "test_loss": 0.6000763177871704}