{"train_loss": 0.006905816674232483, "dev_loss": 0.695569634437561, "test_loss": 0.6808302998542786}