{"train_loss": 0.007209618508815765, "dev_loss": 0.7249031066894531, "test_loss": 0.7095502614974976}