{"train_loss": 0.006083216488361359, "dev_loss": 0.6151832342147827, "test_loss": 0.6029530167579651}