{"train_loss": 0.0072863050699234, "dev_loss": 0.7322651743888855, "test_loss": 0.7167782187461853}