{"train_loss": 0.007074034273624419, "dev_loss": 0.7118443250656128, "test_loss": 0.6967490911483765}