{"train_loss": 0.008096961259841919, "dev_loss": 0.8089202642440796, "test_loss": 0.7925627827644348}