{"train_loss": 0.005943447589874268, "dev_loss": 0.601597249507904, "test_loss": 0.5899720191955566}