{"train_loss": 0.008729248046875, "dev_loss": 0.8669866323471069, "test_loss": 0.8506656885147095}