{"train_loss": 0.006406142115592956, "dev_loss": 0.6468164920806885, "test_loss": 0.6334069967269897}