{"train_loss": 0.006094076395034791, "dev_loss": 0.6162437200546265, "test_loss": 0.6039687991142273}