{"train_loss": 0.006363504648208619, "dev_loss": 0.6426370143890381, "test_loss": 0.6293656826019287}