{"train_loss": 0.006006282329559327, "dev_loss": 0.60768723487854, "test_loss": 0.5957837104797363}