{"train_loss": 0.014151517033576965, "dev_loss": 1.3460091352462769, "test_loss": 1.3362410068511963}