{"train_loss": 0.005981296420097351, "dev_loss": 0.6052613854408264, "test_loss": 0.5934672951698303}