{"train_loss": 0.006691240906715393, "dev_loss": 0.6746997237205505, "test_loss": 0.660475492477417}