{"train_loss": 0.009371073305606843, "dev_loss": 0.924390435218811, "test_loss": 0.9085559844970703}