{"train_loss": 0.008485449492931365, "dev_loss": 0.8447905778884888, "test_loss": 0.828389048576355}