{"train_loss": 0.006153467118740082, "dev_loss": 0.6220514178276062, "test_loss": 0.6095379590988159}