{"train_loss": 0.00587357211112976, "dev_loss": 0.5948770642280579, "test_loss": 0.583573043346405}