{"train_loss": 0.00597336632013321, "dev_loss": 0.6044924855232239, "test_loss": 0.5927333831787109}