{"train_loss": 0.006024015784263611, "dev_loss": 0.609411895275116, "test_loss": 0.5974316000938416}