{"train_loss": 0.0067690910100936886, "dev_loss": 0.682284951210022, "test_loss": 0.6678653955459595}