{"train_loss": 0.006655606091022492, "dev_loss": 0.671222984790802, "test_loss": 0.657091498374939}