{"train_loss": 0.022581344842910765, "dev_loss": 2.1045331954956055, "test_loss": 2.10321307182312}