{"train_loss": 0.0070138018727302544, "dev_loss": 0.7060261368751526, "test_loss": 0.691053569316864}