{"train_loss": 0.005851823925971985, "dev_loss": 0.5928000211715698, "test_loss": 0.5815988183021545}