{"train_loss": 0.006062396883964538, "dev_loss": 0.6131514310836792, "test_loss": 0.6010079979896545}