{"train_loss": 0.006179921686649323, "dev_loss": 0.6246415376663208, "test_loss": 0.6120251417160034}