{"train_loss": 0.006477528274059296, "dev_loss": 0.6538103818893433, "test_loss": 0.6401801705360413}