{"train_loss": 0.00599774694442749, "dev_loss": 0.60685795545578, "test_loss": 0.5949915647506714}