{"train_loss": 0.005846644461154937, "dev_loss": 0.5923065543174744, "test_loss": 0.5811301469802856}