{"train_loss": 0.00630575829744339, "dev_loss": 0.6369750499725342, "test_loss": 0.6238989233970642}