{"train_loss": 0.0071391016244888314, "dev_loss": 0.7181179523468018, "test_loss": 0.7028958797454834}