{"train_loss": 0.019881314516067505, "dev_loss": 1.8588838577270508, "test_loss": 1.8551359176635742}