{"train_loss": 0.0063242483735084535, "dev_loss": 0.6387880444526672, "test_loss": 0.6256483793258667}