{"train_loss": 0.006621914684772491, "dev_loss": 0.6679333448410034, "test_loss": 0.6538917422294617}