{"train_loss": 0.007799293756484987, "dev_loss": 0.781037449836731, "test_loss": 0.7648780345916748}