{"train_loss": 0.005958059310913086, "dev_loss": 0.6030101776123047, "test_loss": 0.5913192629814148}