{"train_loss": 0.0065597349405288686, "dev_loss": 0.6618557572364807, "test_loss": 0.6479859352111816}