{"train_loss": 0.005989420652389527, "dev_loss": 0.606049656867981, "test_loss": 0.5942197442054749}