{"train_loss": 0.006270833492279053, "dev_loss": 0.633550763130188, "test_loss": 0.6205973625183105}