{"train_loss": 0.006072660923004149, "dev_loss": 0.6141527891159058, "test_loss": 0.6019665002822876}