{"train_loss": 0.007461778163909913, "dev_loss": 0.7490438222885132, "test_loss": 0.7332821488380432}