{"train_loss": 0.005897127091884613, "dev_loss": 0.5971349477767944, "test_loss": 0.5857211947441101}