{"train_loss": 0.006343480825424194, "dev_loss": 0.6406737565994263, "test_loss": 0.6274690628051758}