{"train_loss": 0.9153290696252021, "dev_loss": 1.8044017181708594, "test_loss": 1.3660255801909869}