{"train_loss": 0.006287967324256898, "dev_loss": 0.6352306604385376, "test_loss": 0.6222165822982788}