{"train_loss": 0.005903325259685515, "dev_loss": 0.5977305173873901, "test_loss": 0.5862880945205688}