{"train_loss": 0.006254319608211517, "dev_loss": 0.6319318413734436, "test_loss": 0.6190377473831177}