{"train_loss": 0.0061052548885345455, "dev_loss": 0.6173360347747803, "test_loss": 0.6050153374671936}