{"train_loss": 0.007562832415103913, "dev_loss": 0.7586625814437866, "test_loss": 0.7427632808685303}