{"train_loss": 0.010342955231666565, "dev_loss": 1.009785771369934, "test_loss": 0.995069682598114}