{"train_loss": 0.005950669765472413, "dev_loss": 0.6022952795028687, "test_loss": 0.5906375050544739}