{"train_loss": 0.008277254462242126, "dev_loss": 0.8256433606147766, "test_loss": 0.8092364072799683}