{"train_loss": 0.011850321412086485, "dev_loss": 1.1422793865203857, "test_loss": 1.129556655883789}