{"train_loss": 0.006957880735397338, "dev_loss": 0.7006151676177979, "test_loss": 0.6857612133026123}