{"train_loss": 0.005862485468387604, "dev_loss": 0.5938172340393066, "test_loss": 0.5825655460357666}