{"train_loss": 0.00601503562927246, "dev_loss": 0.6085382699966431, "test_loss": 0.5965967774391174}