{"train_loss": 0.005867974281311035, "dev_loss": 0.5943416953086853, "test_loss": 0.5830639600753784}