{"train_loss": 0.009804062724113462, "dev_loss": 0.9625433683395386, "test_loss": 0.9471728205680847}