{"train_loss": 0.006238391101360321, "dev_loss": 0.6303704380989075, "test_loss": 0.617534339427948}