{"train_loss": 0.006193807303905487, "dev_loss": 0.6260015964508057, "test_loss": 0.6133321523666382}