{"train_loss": 0.0067290009260177605, "dev_loss": 0.6783807277679443, "test_loss": 0.6640604138374329}