{"train_loss": 0.0058792830109596255, "dev_loss": 0.595423698425293, "test_loss": 0.5840928554534912}