{"train_loss": 0.005885109543800354, "dev_loss": 0.5959819555282593, "test_loss": 0.5846239328384399}