{"train_loss": 0.0059096554517745975, "dev_loss": 0.5983392596244812, "test_loss": 0.5868676900863647}