{"train_loss": 0.006166482090950012, "dev_loss": 0.623325526714325, "test_loss": 0.6107610464096069}