{"train_loss": 0.007370016396045684, "dev_loss": 0.7402814626693726, "test_loss": 0.7246578931808472}