{"train_loss": 0.00592272961139679, "dev_loss": 0.5995980501174927, "test_loss": 0.5880666971206665}