{"train_loss": 0.006033231675624848, "dev_loss": 0.6103090047836304, "test_loss": 0.5982891321182251}