{"train_loss": 0.005916122198104858, "dev_loss": 0.5989616513252258, "test_loss": 0.587460458278656}