{"train_loss": 0.012881932616233827, "dev_loss": 1.2334705591201782, "test_loss": 1.2221099138259888}