{"train_loss": 0.005841562390327453, "dev_loss": 0.5918227434158325, "test_loss": 0.5806707143783569}