{"train_loss": 0.006503605961799622, "dev_loss": 0.6563637256622314, "test_loss": 0.6426557898521423}