{"train_loss": 0.00611676675081253, "dev_loss": 0.6184612512588501, "test_loss": 0.6060938835144043}