{"train_loss": 0.006530973672866821, "dev_loss": 0.6590421795845032, "test_loss": 0.6452544927597046}