{"train_loss": 0.01570751941204071, "dev_loss": 1.4843966960906982, "test_loss": 1.4764337539672852}