{"train_loss": 0.01760124099254608, "dev_loss": 1.6536533832550049, "test_loss": 1.6476951837539673}