{"train_loss": 0.006590005695819855, "dev_loss": 0.6648153066635132, "test_loss": 0.6508609056472778}