{"train_loss": 0.006223015487194061, "dev_loss": 0.628863513469696, "test_loss": 0.6160842180252075}