{"train_loss": 0.9153290696252021, "dev_loss": 0.952715617263863, "test_loss": 0.9305789671332213}