{"train_loss": 3.42287540435791, "dev_loss": 3.414260149002075, "test_loss": 3.420553207397461}