{"train_loss": 3.4229915142059326, "dev_loss": 3.4142422676086426, "test_loss": 3.420567750930786}