{"train_loss": 0.03430397725105286, "dev_loss": 3.436788558959961, "test_loss": 3.4421069622039795}