{"train_loss": 0.03625791573524475, "dev_loss": 3.617111921310425, "test_loss": 3.6518046855926514}