{"train_loss": 0.03607667565345764, "dev_loss": 3.6089954376220703, "test_loss": 3.6358306407928467}