{"train_loss": 0.03619964051246643, "dev_loss": 3.6149890422821045, "test_loss": 3.6473288536071777}