{"train_loss": 0.03604324960708618, "dev_loss": 3.6100094318389893, "test_loss": 3.6246590614318848}