{"train_loss": 0.034551470041275026, "dev_loss": 3.4670891761779785, "test_loss": 3.4741084575653076}