{"train_loss": 0.03420881152153015, "dev_loss": 3.4196503162384033, "test_loss": 3.424306869506836}