{"train_loss": 0.036369803428649906, "dev_loss": 3.619429349899292, "test_loss": 3.6582627296447754}