{"train_loss": 0.03516915822029114, "dev_loss": 3.53459095954895, "test_loss": 3.5446670055389404}