{"train_loss": 0.03630395913124085, "dev_loss": 3.618464231491089, "test_loss": 3.6550393104553223}