{"train_loss": 0.0363635311126709, "dev_loss": 3.6203105449676514, "test_loss": 3.659043788909912}