{"train_loss": 0.03569992065429688, "dev_loss": 3.586671829223633, "test_loss": 3.5983824729919434}