{"train_loss": 0.03441069960594177, "dev_loss": 3.450364351272583, "test_loss": 3.4564666748046875}