{"train_loss": 0.036375696897506714, "dev_loss": 3.620372772216797, "test_loss": 3.6594040393829346}