{"train_loss": 0.03493185973167419, "dev_loss": 3.5091071128845215, "test_loss": 3.518321990966797}