{"train_loss": 0.035999242782592776, "dev_loss": 3.602951765060425, "test_loss": 3.6245131492614746}