{"train_loss": 0.03633851909637451, "dev_loss": 3.6195178031921387, "test_loss": 3.657439708709717}