{"train_loss": 0.0360583028793335, "dev_loss": 3.606724977493286, "test_loss": 3.6234688758850098}