{"train_loss": 0.0363459541797638, "dev_loss": 3.6179614067077637, "test_loss": 3.6561360359191895}