{"train_loss": 0.03422512531280518, "dev_loss": 3.4158103466033936, "test_loss": 3.420870542526245}