{"train_loss": 0.035432868003845215, "dev_loss": 3.5616962909698486, "test_loss": 3.572514772415161}