{"train_loss": 0.03423569774627686, "dev_loss": 3.4263827800750732, "test_loss": 3.431210994720459}