{"train_loss": 0.036026798963546755, "dev_loss": 3.6058945655822754, "test_loss": 3.6299686431884766}