{"train_loss": 0.036136213302612304, "dev_loss": 3.612086772918701, "test_loss": 3.6417458057403564}