{"train_loss": 0.03472592568397522, "dev_loss": 3.4866414070129395, "test_loss": 3.4947457313537598}