{"train_loss": 0.035919874906539924, "dev_loss": 3.603935956954956, "test_loss": 3.6169466972351074}