{"train_loss": 0.036016760826110834, "dev_loss": 3.60252046585083, "test_loss": 3.6216578483581543}