{"train_loss": 0.7429948805792619, "dev_loss": 0.7507394447176774, "test_loss": 0.7638064628129053}