{"train_loss": 0.6382051765918731, "dev_loss": 1.3557288646697998, "test_loss": 1.3691871166229248}