{"train_loss": 0.6091030776500703, "dev_loss": 1.2437939643859863, "test_loss": 1.238240122795105}