{"train_loss": 0.5972238838672638, "dev_loss": 1.1546911001205444, "test_loss": 1.159703016281128}