{"train_loss": 2.508457338809967, "dev_loss": 1.897557258605957, "test_loss": 1.896955132484436}