{"train_loss": 0.7321203947067261, "dev_loss": 1.3830240964889526, "test_loss": 1.3847893476486206}