{"train_loss": 0.5713258326053621, "dev_loss": 1.0209535360336304, "test_loss": 1.0060515403747559}