{"train_loss": 0.6043986737728119, "dev_loss": 1.212354302406311, "test_loss": 1.208945870399475}