{"train_loss": 0.5774136483669281, "dev_loss": 1.0466206073760986, "test_loss": 1.0529848337173462}