{"train_loss": 0.5695861041545868, "dev_loss": 0.9887288212776184, "test_loss": 0.9932176470756531}