{"train_loss": 0.6151860415935516, "dev_loss": 1.2754039764404297, "test_loss": 1.2699676752090454}