{"train_loss": 0.600523716211319, "dev_loss": 1.1886008977890015, "test_loss": 1.1862231492996216}