{"train_loss": 0.5825588703155518, "dev_loss": 1.0818215608596802, "test_loss": 1.0744974613189697}