{"train_loss": 0.6216974318027496, "dev_loss": 1.3410699367523193, "test_loss": 1.337110161781311}