{"train_loss": 0.5724321842193604, "dev_loss": 1.0074719190597534, "test_loss": 1.0142112970352173}