{"train_loss": 0.8322731494903564, "dev_loss": 1.5377252101898193, "test_loss": 1.5353084802627563}