{"train_loss": 0.7613999009132386, "dev_loss": 1.4490091800689697, "test_loss": 1.4575191736221313}