{"train_loss": 0.5741503596305848, "dev_loss": 1.0487849712371826, "test_loss": 1.0552510023117065}