{"train_loss": 1.1307596266269686, "dev_loss": 1.6475344896316528, "test_loss": 1.6462814807891846}