{"train_loss": 0.5726084470748901, "dev_loss": 0.9957261085510254, "test_loss": 0.9941211938858032}