{"train_loss": 0.5748528361320495, "dev_loss": 1.0490535497665405, "test_loss": 1.0537357330322266}