{"train_loss": 0.5639076054096223, "dev_loss": 0.9113760590553284, "test_loss": 0.9079033732414246}