{"train_loss": 0.908247822523117, "dev_loss": 1.65925133228302, "test_loss": 1.6592313051223755}