{"train_loss": 0.5795206427574158, "dev_loss": 1.0508414506912231, "test_loss": 1.044479489326477}