{"train_loss": 0.7008077561855317, "dev_loss": 1.3361672163009644, "test_loss": 1.3389673233032227}