{"train_loss": 0.5683817565441132, "dev_loss": 0.9690611958503723, "test_loss": 0.961881160736084}