{"train_loss": 0.5809491515159607, "dev_loss": 1.0728646516799927, "test_loss": 1.076424479484558}