{"train_loss": 0.6283599138259888, "dev_loss": 1.3592827320098877, "test_loss": 1.3570702075958252}