{"train_loss": 0.5662180900573731, "dev_loss": 0.9447641968727112, "test_loss": 0.939170241355896}