{"train_loss": 0.5884370982646943, "dev_loss": 1.086917519569397, "test_loss": 1.0772310495376587}