{"train_loss": 0.5637177526950836, "dev_loss": 0.9645015001296997, "test_loss": 0.9688258171081543}