{"train_loss": 0.674296200275421, "dev_loss": 1.3393229246139526, "test_loss": 1.3412431478500366}