{"train_loss": 0.5941652178764344, "dev_loss": 1.12147855758667, "test_loss": 1.1214617490768433}