{"train_loss": 0.5625046014785767, "dev_loss": 0.9281167387962341, "test_loss": 0.9314932823181152}