{"train_loss": 0.5913470685482025, "dev_loss": 1.109917402267456, "test_loss": 1.1114448308944702}