{"train_loss": 0.5841633439064026, "dev_loss": 1.0968619585037231, "test_loss": 1.0995217561721802}