{"train_loss": 0.5670488953590394, "dev_loss": 0.9975172281265259, "test_loss": 0.9884658455848694}