{"train_loss": 0.6535552024841309, "dev_loss": 1.2868895530700684, "test_loss": 1.2790180444717407}