{"train_loss": 0.5862097322940827, "dev_loss": 1.0998308658599854, "test_loss": 1.0999948978424072}