{"train_loss": 0.5649042725563049, "dev_loss": 0.9569825530052185, "test_loss": 0.9550431966781616}