{"train_loss": 0.7890778720378876, "dev_loss": 1.544451117515564, "test_loss": 1.5374563932418823}