{"train_loss": 0.5667980492115021, "dev_loss": 0.5489885210990906, "test_loss": 0.5489885210990906}