{"train_loss": 0.5600566506385803, "dev_loss": 0.5455571413040161, "test_loss": 0.5455571413040161}