{"train_loss": 0.5660955786705016, "dev_loss": 0.5486173629760742, "test_loss": 0.5486173629760742}