{"train_loss": 0.5728399753570557, "dev_loss": 0.5517963171005249, "test_loss": 0.5517963171005249}