{"train_loss": 0.5712011694908142, "dev_loss": 0.5513398051261902, "test_loss": 0.5513398051261902}