{"train_loss": 0.5606696844100952, "dev_loss": 0.5458305478096008, "test_loss": 0.5458305478096008}