{"train_loss": 0.5558431684970856, "dev_loss": 0.5436815023422241, "test_loss": 0.5436815023422241}