{"train_loss": 0.5562779605388641, "dev_loss": 0.5438905954360962, "test_loss": 0.5438905954360962}