{"train_loss": 0.5571601569652558, "dev_loss": 0.5443040132522583, "test_loss": 0.5443040132522583}