{"train_loss": 0.5524970412254334, "dev_loss": 0.5420454740524292, "test_loss": 0.5420454740524292}