{"train_loss": 0.9024234236715842, "dev_loss": 0.9241370687051902, "test_loss": 0.9241370687051902}