{"train_loss": 0.5741573810577393, "dev_loss": 0.5525680780410767, "test_loss": 0.5525680780410767}