{"train_loss": 0.5514124989509582, "dev_loss": 0.5415152311325073, "test_loss": 0.5415152311325073}