{"train_loss": 0.5594979882240296, "dev_loss": 0.5453309416770935, "test_loss": 0.5453309416770935}