{"train_loss": 0.556716638803482, "dev_loss": 0.5440977811813354, "test_loss": 0.5440977811813354}