{"train_loss": 0.5521189332008362, "dev_loss": 0.5418645143508911, "test_loss": 0.5418645143508911}