{"train_loss": 0.5626657962799072, "dev_loss": 0.5468244552612305, "test_loss": 0.5468244552612305}