{"train_loss": 0.5654018640518188, "dev_loss": 0.5482500791549683, "test_loss": 0.5482500791549683}