{"train_loss": 0.5647141337394714, "dev_loss": 0.5478900671005249, "test_loss": 0.5478900671005249}