{"train_loss": 0.5532959520816804, "dev_loss": 0.5424294471740723, "test_loss": 0.5424294471740723}