{"train_loss": 0.5704355597496032, "dev_loss": 0.5508854985237122, "test_loss": 0.5508854985237122}