{"train_loss": 0.561319100856781, "dev_loss": 0.5461426377296448, "test_loss": 0.5461426377296448}