{"train_loss": 0.5675077497959137, "dev_loss": 0.5493656396865845, "test_loss": 0.5493656396865845}