{"train_loss": 0.5696937322616578, "dev_loss": 0.5505355596542358, "test_loss": 0.5505355596542358}