{"train_loss": 0.5720219373703003, "dev_loss": 0.551736056804657, "test_loss": 0.551736056804657}