{"train_loss": 0.5554113090038298, "dev_loss": 0.5434707403182983, "test_loss": 0.5434707403182983}