{"train_loss": 0.5517577052116395, "dev_loss": 0.5416887998580933, "test_loss": 0.5416887998580933}