{"train_loss": 0.5619879841804504, "dev_loss": 0.5464776754379272, "test_loss": 0.5464776754379272}