{"train_loss": 0.5589959561824798, "dev_loss": 0.5451329350471497, "test_loss": 0.5451329350471497}