{"train_loss": 0.5633470535278321, "dev_loss": 0.5471764802932739, "test_loss": 0.5471764802932739}