{"train_loss": 0.5549818813800812, "dev_loss": 0.5432591438293457, "test_loss": 0.5432591438293457}