{"train_loss": 0.5689551532268525, "dev_loss": 0.5501283407211304, "test_loss": 0.5501283407211304}