{"train_loss": 0.5541305303573608, "dev_loss": 0.5428379774093628, "test_loss": 0.5428379774093628}