{"train_loss": 0.5545547842979431, "dev_loss": 0.5430477857589722, "test_loss": 0.5430477857589722}