{"train_loss": 0.5580654799938202, "dev_loss": 0.5447213649749756, "test_loss": 0.5447213649749756}