{"train_loss": 0.5640296697616578, "dev_loss": 0.5475317239761353, "test_loss": 0.5475317239761353}