{"train_loss": 0.552890431880951, "dev_loss": 0.5422337651252747, "test_loss": 0.5422337651252747}