{"train_loss": 0.5576096832752229, "dev_loss": 0.5445113182067871, "test_loss": 0.5445113182067871}