{"train_loss": 0.5682262718677521, "dev_loss": 0.5497471690177917, "test_loss": 0.5497471690177917}