{"train_loss": 0.5537102699279784, "dev_loss": 0.5426313877105713, "test_loss": 0.5426313877105713}