{"train_loss": 0.5585262060165406, "dev_loss": 0.5449315309524536, "test_loss": 0.5449315309524536}