{"train_loss": 0.6276375293731691, "dev_loss": 0.6257443428039551, "test_loss": 0.6257443428039551}