{"train_loss": 0.614186805486679, "dev_loss": 0.6134709715843201, "test_loss": 0.6134709715843201}