{"train_loss": 0.6176310658454894, "dev_loss": 0.6165783405303955, "test_loss": 0.6165783405303955}