{"train_loss": 0.6060835480690003, "dev_loss": 0.606147050857544, "test_loss": 0.606147050857544}