{"train_loss": 0.6254102885723115, "dev_loss": 0.6236804723739624, "test_loss": 0.6236804723739624}