{"train_loss": 0.603491109609604, "dev_loss": 0.6039521098136902, "test_loss": 0.6039521098136902}