{"train_loss": 0.6067318975925445, "dev_loss": 0.6066968441009521, "test_loss": 0.6066968441009521}