{"train_loss": 0.6047872364521026, "dev_loss": 0.6050485372543335, "test_loss": 0.6050485372543335}