{"train_loss": 0.6156993448734284, "dev_loss": 0.6148966550827026, "test_loss": 0.6148966550827026}