{"train_loss": 0.604139107465744, "dev_loss": 0.6044999361038208, "test_loss": 0.6044999361038208}