{"train_loss": 0.6021961808204651, "dev_loss": 0.602860152721405, "test_loss": 0.602860152721405}