{"train_loss": 0.6054353594779969, "dev_loss": 0.6055976152420044, "test_loss": 0.6055976152420044}