{"train_loss": 0.6086809754371644, "dev_loss": 0.6083553433418274, "test_loss": 0.6083553433418274}