{"train_loss": 0.9153290696252021, "dev_loss": 0.938650870262728, "test_loss": 0.938650870262728}