{"train_loss": 0.6298145711421966, "dev_loss": 0.627808153629303, "test_loss": 0.627808153629303}