{"train_loss": 0.6308866798877716, "dev_loss": 0.6288248896598816, "test_loss": 0.6288248896598816}