{"train_loss": 0.6120336294174195, "dev_loss": 0.6113711595535278, "test_loss": 0.6113711595535278}