{"train_loss": 0.6166115820407868, "dev_loss": 0.6156784296035767, "test_loss": 0.6156784296035767}