{"train_loss": 0.6134594082832336, "dev_loss": 0.6127520203590393, "test_loss": 0.6127520203590393}