{"train_loss": 0.6242839276790619, "dev_loss": 0.6226478815078735, "test_loss": 0.6226478815078735}