{"train_loss": 0.6352753877639771, "dev_loss": 0.6331192255020142, "test_loss": 0.6331192255020142}