{"train_loss": 0.6073807179927826, "dev_loss": 0.6072473526000977, "test_loss": 0.6072473526000977}