{"train_loss": 0.6028433859348298, "dev_loss": 0.6034053564071655, "test_loss": 0.6034053564071655}