{"train_loss": 0.6366007626056671, "dev_loss": 0.6340397596359253, "test_loss": 0.6340397596359253}