{"train_loss": 0.6287314534187316, "dev_loss": 0.626778781414032, "test_loss": 0.626778781414032}