{"train_loss": 0.626530784368515, "dev_loss": 0.6247127056121826, "test_loss": 0.6247127056121826}