{"train_loss": 0.6113392591476441, "dev_loss": 0.6107176542282104, "test_loss": 0.6107176542282104}