{"train_loss": 0.622030484676361, "dev_loss": 0.620590329170227, "test_loss": 0.620590329170227}