{"train_loss": 0.6127406239509583, "dev_loss": 0.6120507121086121, "test_loss": 0.6120507121086121}