{"train_loss": 0.6149161040782929, "dev_loss": 0.6141890287399292, "test_loss": 0.6141890287399292}