{"train_loss": 0.6099921822547912, "dev_loss": 0.6094955205917358, "test_loss": 0.6094955205917358}