{"train_loss": 0.6330368995666504, "dev_loss": 0.6308784484863281, "test_loss": 0.6308784484863281}