{"train_loss": 0.6080302417278289, "dev_loss": 0.6077995300292969, "test_loss": 0.6077995300292969}