{"train_loss": 0.6231556951999664, "dev_loss": 0.6216171979904175, "test_loss": 0.6216171979904175}