{"train_loss": 0.6093341588973998, "dev_loss": 0.6089187860488892, "test_loss": 0.6089187860488892}