{"train_loss": 0.6198016345500946, "dev_loss": 0.6185526847839355, "test_loss": 0.6185526847839355}