{"train_loss": 0.6319684803485871, "dev_loss": 0.6298457384109497, "test_loss": 0.6298457384109497}