{"train_loss": 0.6106592059135436, "dev_loss": 0.6100931167602539, "test_loss": 0.6100931167602539}