{"train_loss": 0.6187042534351349, "dev_loss": 0.617550253868103, "test_loss": 0.617550253868103}