{"train_loss": 0.6341321229934692, "dev_loss": 0.6319794058799744, "test_loss": 0.6319794058799744}