{"train_loss": 0.6209117889404296, "dev_loss": 0.6195681691169739, "test_loss": 0.6195681691169739}