{"train_loss": 3.3968998270553943, "dev_loss": 3.722444057362205, "test_loss": 3.684598805195446}