{"train_loss": 0.6660190169215657, "dev_loss": 0.6726730078275955, "test_loss": 0.6726730078275955}