{"train_loss": 0.4171426773071289, "dev_loss": 0.39737677574157715, "test_loss": 0.39737677574157715}