{"train_loss": 0.41254912614822387, "dev_loss": 0.39521995186805725, "test_loss": 0.39521995186805725}