{"train_loss": 0.41534847915172574, "dev_loss": 0.3965390920639038, "test_loss": 0.3965390920639038}