{"train_loss": 0.42147553861141207, "dev_loss": 0.3993101716041565, "test_loss": 0.3993101716041565}