{"train_loss": 0.4086341232061387, "dev_loss": 0.39356401562690735, "test_loss": 0.39356401562690735}