{"train_loss": 0.41836662888526915, "dev_loss": 0.39794042706489563, "test_loss": 0.39794042706489563}