{"train_loss": 0.4063034385442733, "dev_loss": 0.3926410675048828, "test_loss": 0.3926410675048828}