{"train_loss": 0.42022457122802737, "dev_loss": 0.39877504110336304, "test_loss": 0.39877504110336304}