{"train_loss": 0.4208485990762711, "dev_loss": 0.3990454375743866, "test_loss": 0.3990454375743866}