{"train_loss": 0.41308343112468715, "dev_loss": 0.3954664468765259, "test_loss": 0.3954664468765259}