{"train_loss": 0.4177527338266373, "dev_loss": 0.39765867590904236, "test_loss": 0.39765867590904236}