{"train_loss": 0.4095853507518768, "dev_loss": 0.3939468562602997, "test_loss": 0.3939468562602997}