{"train_loss": 0.41054820716381074, "dev_loss": 0.3943454921245575, "test_loss": 0.3943454921245575}