{"train_loss": 0.4081625252962112, "dev_loss": 0.39337605237960815, "test_loss": 0.39337605237960815}