{"train_loss": 0.40676394402980803, "dev_loss": 0.3928222954273224, "test_loss": 0.3928222954273224}