{"train_loss": 0.4110352605581283, "dev_loss": 0.39455291628837585, "test_loss": 0.39455291628837585}