{"train_loss": 0.41960296332836156, "dev_loss": 0.39849984645843506, "test_loss": 0.39849984645843506}