{"train_loss": 0.42210791110992435, "dev_loss": 0.39956867694854736, "test_loss": 0.39956867694854736}