{"train_loss": 0.4120313465595246, "dev_loss": 0.3949873745441437, "test_loss": 0.3949873745441437}