{"train_loss": 0.4100651621818542, "dev_loss": 0.39414364099502563, "test_loss": 0.39414364099502563}