{"train_loss": 0.42274805307388297, "dev_loss": 0.39982253313064575, "test_loss": 0.39982253313064575}