{"train_loss": 0.42339877486228944, "dev_loss": 0.4000779986381531, "test_loss": 0.4000779986381531}