{"train_loss": 0.41593917906284333, "dev_loss": 0.39681631326675415, "test_loss": 0.39681631326675415}