{"train_loss": 0.4076935917139054, "dev_loss": 0.39318984746932983, "test_loss": 0.39318984746932983}