{"train_loss": 0.41419435739517213, "dev_loss": 0.3959923982620239, "test_loss": 0.3959923982620239}