{"train_loss": 0.4147666186094284, "dev_loss": 0.3962642550468445, "test_loss": 0.3962642550468445}