{"train_loss": 0.4072273761034012, "dev_loss": 0.39300528168678284, "test_loss": 0.39300528168678284}