{"train_loss": 0.4136327058076859, "dev_loss": 0.3957253098487854, "test_loss": 0.3957253098487854}