{"train_loss": 0.41152827739715575, "dev_loss": 0.39476630091667175, "test_loss": 0.39476630091667175}