{"train_loss": 0.4165376782417297, "dev_loss": 0.39709576964378357, "test_loss": 0.39709576964378357}