{"train_loss": 0.4189835608005524, "dev_loss": 0.3982212543487549, "test_loss": 0.3982212543487549}