{"train_loss": 0.4091083824634552, "dev_loss": 0.3937540054321289, "test_loss": 0.3937540054321289}