{"train_loss": 0.008374718666076659, "dev_loss": 0.8306783437728882, "test_loss": 0.8230100870132446}