{"train_loss": 0.0077972756028175366, "dev_loss": 0.7753878831863403, "test_loss": 0.7690241932868958}