{"train_loss": 0.020429888248443603, "dev_loss": 1.9339290857315063, "test_loss": 1.9211057424545288}