{"train_loss": 0.016712435841560364, "dev_loss": 1.5979300737380981, "test_loss": 1.584794282913208}