{"train_loss": 0.006286135792732239, "dev_loss": 0.6296623945236206, "test_loss": 0.6275067329406738}