{"train_loss": 0.006235955536365508, "dev_loss": 0.6248447299003601, "test_loss": 0.6228731870651245}