{"train_loss": 0.006617119133472444, "dev_loss": 0.6614819765090942, "test_loss": 0.6583508253097534}