{"train_loss": 0.007196905791759491, "dev_loss": 0.7174028754234314, "test_loss": 0.7126848697662354}