{"train_loss": 0.006130198061466218, "dev_loss": 0.6147037744522095, "test_loss": 0.6131876111030579}