{"train_loss": 0.006847192108631135, "dev_loss": 0.6836371421813965, "test_loss": 0.6798944473266602}