{"train_loss": 0.0061097491383552555, "dev_loss": 0.6127458214759827, "test_loss": 0.6113312840461731}