{"train_loss": 0.00673425441980362, "dev_loss": 0.6727566123008728, "test_loss": 0.6693152189254761}