{"train_loss": 0.006395217001438142, "dev_loss": 0.640142560005188, "test_loss": 0.6376326084136963}