{"train_loss": 0.006502673804759979, "dev_loss": 0.6504735350608826, "test_loss": 0.6476527452468872}