{"train_loss": 0.018398296594619754, "dev_loss": 1.7497634887695312, "test_loss": 1.7367184162139893}