{"train_loss": 0.006469487309455872, "dev_loss": 0.6472823619842529, "test_loss": 0.6445547938346863}