{"train_loss": 0.006183277428150177, "dev_loss": 0.6197909116744995, "test_loss": 0.6180328130722046}