{"train_loss": 0.0064383835792541505, "dev_loss": 0.644291877746582, "test_loss": 0.641653835773468}