{"train_loss": 0.0067089141011238106, "dev_loss": 0.6703168153762817, "test_loss": 0.6669424772262573}