{"train_loss": 0.00911733728647232, "dev_loss": 0.9009507298469543, "test_loss": 0.8920347094535828}