{"train_loss": 0.0060967890024185185, "dev_loss": 0.6115055680274963, "test_loss": 0.6101580262184143}