{"train_loss": 0.006453687787055969, "dev_loss": 0.6457632780075073, "test_loss": 0.6430808901786804}