{"train_loss": 0.006485807299613952, "dev_loss": 0.6488515734672546, "test_loss": 0.6460778117179871}