{"train_loss": 0.006167275190353393, "dev_loss": 0.6182565093040466, "test_loss": 0.616568386554718}