{"train_loss": 0.007709685862064363, "dev_loss": 0.7669487595558167, "test_loss": 0.7608107328414917}