{"train_loss": 0.006760676562786102, "dev_loss": 0.6753012537956238, "test_loss": 0.6717897653579712}