{"train_loss": 0.006217560529708861, "dev_loss": 0.6230794191360474, "test_loss": 0.6211797595024109}