{"train_loss": 0.013251754522323609, "dev_loss": 1.2852463722229004, "test_loss": 1.2727943658828735}