{"train_loss": 0.00799635112285614, "dev_loss": 0.7945221662521362, "test_loss": 0.7876712679862976}