{"train_loss": 0.006946486413478852, "dev_loss": 0.6932131052017212, "test_loss": 0.6892000436782837}