{"train_loss": 0.006296968638896942, "dev_loss": 0.630702793598175, "test_loss": 0.6285094022750854}