{"train_loss": 0.006144554615020752, "dev_loss": 0.6160790324211121, "test_loss": 0.6144945025444031}