{"train_loss": 0.00823574036359787, "dev_loss": 0.8174312710762024, "test_loss": 0.8100465536117554}