{"train_loss": 0.009649463176727295, "dev_loss": 0.9510282278060913, "test_loss": 0.9414191246032715}