{"train_loss": 0.006226647078990937, "dev_loss": 0.6239514350891113, "test_loss": 0.6220158338546753}