{"train_loss": 0.0074189363718032844, "dev_loss": 0.7388721704483032, "test_loss": 0.7335240840911865}