{"train_loss": 0.007104265987873077, "dev_loss": 0.7084487676620483, "test_loss": 0.7039942145347595}