{"train_loss": 0.006817062854766846, "dev_loss": 0.6807333827018738, "test_loss": 0.6770716309547424}