{"train_loss": 0.022838807582855225, "dev_loss": 2.154507875442505, "test_loss": 2.1419177055358887}