{"train_loss": 0.006355749726295472, "dev_loss": 0.6363497972488403, "test_loss": 0.6339621543884277}