{"train_loss": 0.006090498387813568, "dev_loss": 0.610903799533844, "test_loss": 0.6095895171165466}