{"train_loss": 0.0063312616348266595, "dev_loss": 0.633996844291687, "test_loss": 0.6316882371902466}