{"train_loss": 0.006255271792411804, "dev_loss": 0.626698911190033, "test_loss": 0.6246544122695923}