{"train_loss": 0.008702631711959837, "dev_loss": 0.8617962598800659, "test_loss": 0.8535273671150208}