{"train_loss": 0.028812466859817504, "dev_loss": 2.7129976749420166, "test_loss": 2.7001290321350098}