{"train_loss": 0.0068787352442741395, "dev_loss": 0.6866781711578369, "test_loss": 0.6828502416610718}