{"train_loss": 0.0062086875438690185, "dev_loss": 0.6222280859947205, "test_loss": 0.6203641891479492}