{"train_loss": 0.007301014006137848, "dev_loss": 0.7274697422981262, "test_loss": 0.7224549055099487}