{"train_loss": 0.008897394597530365, "dev_loss": 0.8802056312561035, "test_loss": 0.8716192245483398}