{"train_loss": 0.006556852996349335, "dev_loss": 0.655684232711792, "test_loss": 0.6527147889137268}