{"train_loss": 0.0065381648540496825, "dev_loss": 0.6538867950439453, "test_loss": 0.6509681940078735}