{"train_loss": 0.00624549412727356, "dev_loss": 0.6257603168487549, "test_loss": 0.6237524747848511}