{"train_loss": 0.006911795318126679, "dev_loss": 0.6898664236068726, "test_loss": 0.685948371887207}