{"train_loss": 0.007247394025325774, "dev_loss": 0.7222846150398254, "test_loss": 0.717422604560852}