{"train_loss": 0.006423551201820375, "dev_loss": 0.6428661346435547, "test_loss": 0.6402714252471924}