{"train_loss": 0.007484007418155671, "dev_loss": 0.7451620697975159, "test_loss": 0.7396324276924133}