{"train_loss": 0.008110250234603883, "dev_loss": 0.8054363131523132, "test_loss": 0.7983244061470032}