{"train_loss": 0.007358075976371765, "dev_loss": 0.7329875826835632, "test_loss": 0.7278109788894653}