{"train_loss": 0.008529452860355377, "dev_loss": 0.845384418964386, "test_loss": 0.8374212980270386}