{"train_loss": 0.02563882207870484, "dev_loss": 2.4141008853912354, "test_loss": 2.401567220687866}