{"train_loss": 0.006175187230110168, "dev_loss": 0.619015097618103, "test_loss": 0.617292046546936}