{"train_loss": 0.01180801558494568, "dev_loss": 1.1525852680206299, "test_loss": 1.140991449356079}