{"train_loss": 0.006319519281387329, "dev_loss": 0.6328688263893127, "test_loss": 0.6305989623069763}