{"train_loss": 0.00702127456665039, "dev_loss": 0.7004320025444031, "test_loss": 0.6962112188339233}