{"train_loss": 0.006788253188133241, "dev_loss": 0.6779575943946838, "test_loss": 0.6743727326393127}