{"train_loss": 0.006116426885128021, "dev_loss": 0.6133850812911987, "test_loss": 0.6119367480278015}