{"train_loss": 0.006638745725154877, "dev_loss": 0.6635629534721375, "test_loss": 0.6603742837905884}