{"train_loss": 0.010759730577468872, "dev_loss": 1.0551153421401978, "test_loss": 1.0443674325942993}