{"train_loss": 0.010338855743408202, "dev_loss": 1.015737533569336, "test_loss": 1.005385160446167}