{"train_loss": 0.006520116388797761, "dev_loss": 0.6521508693695068, "test_loss": 0.6492818593978882}