{"train_loss": 0.9024234236715842, "dev_loss": 1.5846612913151112, "test_loss": 0.523892084538326}