{"train_loss": 0.006275582909584046, "dev_loss": 0.6286489963531494, "test_loss": 0.6265307664871216}