{"train_loss": 0.006343334138393402, "dev_loss": 0.6351566910743713, "test_loss": 0.6328088045120239}