{"train_loss": 0.00630809223651886, "dev_loss": 0.6317712068557739, "test_loss": 0.6295397281646729}