{"train_loss": 0.00657621556520462, "dev_loss": 0.6575466990470886, "test_loss": 0.6545250415802002}