{"train_loss": 0.012468637824058531, "dev_loss": 1.213510274887085, "test_loss": 1.2014778852462769}