{"train_loss": 0.007892464518547058, "dev_loss": 0.7845457196235657, "test_loss": 0.7779444456100464}