{"train_loss": 0.007628774404525757, "dev_loss": 0.7591439485549927, "test_loss": 0.7532198429107666}