{"train_loss": 0.006409169495105743, "dev_loss": 0.6414836645126343, "test_loss": 0.6389316320419312}