{"train_loss": 0.006200021028518676, "dev_loss": 0.6213967204093933, "test_loss": 0.6195682287216187}