{"train_loss": 0.006368524730205535, "dev_loss": 0.6375773549079895, "test_loss": 0.6351494193077087}