{"train_loss": 0.006159536361694335, "dev_loss": 0.6175147891044617, "test_loss": 0.615861177444458}