{"train_loss": 0.007553767383098602, "dev_loss": 0.7519018650054932, "test_loss": 0.7461804747581482}