{"train_loss": 0.007149276196956635, "dev_loss": 0.7127987146377563, "test_loss": 0.7082163691520691}