{"train_loss": 0.009971459507942199, "dev_loss": 0.9812780618667603, "test_loss": 0.9713045954704285}