{"train_loss": 0.0061373007893562315, "dev_loss": 0.6153841018676758, "test_loss": 0.6138337850570679}