{"train_loss": 0.006982933342456818, "dev_loss": 0.6967305541038513, "test_loss": 0.6926165819168091}