{"train_loss": 0.0066845895051956174, "dev_loss": 0.6679750680923462, "test_loss": 0.6646650433540344}