{"train_loss": 0.006381674826145172, "dev_loss": 0.6388410329818726, "test_loss": 0.636372447013855}