{"train_loss": 0.011244711995124817, "dev_loss": 1.1003268957138062, "test_loss": 1.0891646146774292}