{"train_loss": 0.006661218345165253, "dev_loss": 0.665725588798523, "test_loss": 0.662477433681488}