{"train_loss": 0.006596290409564972, "dev_loss": 0.6594780087471008, "test_loss": 0.6564024686813354}