{"train_loss": 0.006123241662979125, "dev_loss": 0.6140376329421997, "test_loss": 0.6125553250312805}