{"train_loss": 0.00619155341386795, "dev_loss": 0.6205844879150391, "test_loss": 0.6187913417816162}