{"train_loss": 0.015327262282371521, "dev_loss": 1.4733026027679443, "test_loss": 1.4602501392364502}