{"train_loss": 0.014190487980842593, "dev_loss": 1.3706156015396118, "test_loss": 1.357805848121643}