{"train_loss": 0.006265298128128053, "dev_loss": 0.6276614665985107, "test_loss": 0.6255803108215332}