{"train_loss": 0.006103204965591431, "dev_loss": 0.6121194362640381, "test_loss": 0.6107383966445923}