{"train_loss": 0.007061661720275879, "dev_loss": 0.704332709312439, "test_loss": 0.6999984979629517}