{"train_loss": 0.009366507768630981, "dev_loss": 0.9244148135185242, "test_loss": 0.9151579737663269}