{"train_loss": 0.006151964843273163, "dev_loss": 0.6167891621589661, "test_loss": 0.6151701211929321}