{"train_loss": 0.2565112829208374, "dev_loss": 0.230977863073349, "test_loss": 0.230977863073349}