{"train_loss": 0.2530019879341125, "dev_loss": 0.2307126522064209, "test_loss": 0.2307126522064209}