{"train_loss": 0.24518416225910186, "dev_loss": 0.23092779517173767, "test_loss": 0.23092779517173767}