{"train_loss": 0.25007746219635013, "dev_loss": 0.23079900443553925, "test_loss": 0.23079900443553925}