{"train_loss": 0.25503102838993075, "dev_loss": 0.2308366298675537, "test_loss": 0.2308366298675537}