{"train_loss": 0.24868954718112948, "dev_loss": 0.23081529140472412, "test_loss": 0.23081529140472412}