{"train_loss": 0.24670214504003526, "dev_loss": 0.2308632880449295, "test_loss": 0.2308632880449295}