{"train_loss": 0.24766460210084915, "dev_loss": 0.2308332473039627, "test_loss": 0.2308332473039627}