{"train_loss": 0.2445820018649101, "dev_loss": 0.23094148933887482, "test_loss": 0.23094148933887482}