{"train_loss": 0.25037561208009723, "dev_loss": 0.2307964563369751, "test_loss": 0.2307964563369751}