{"train_loss": 0.2479151502251625, "dev_loss": 0.23082783818244934, "test_loss": 0.23082783818244934}