{"train_loss": 0.25170999467372895, "dev_loss": 0.23071372509002686, "test_loss": 0.23071372509002686}