{"train_loss": 0.24895587116479875, "dev_loss": 0.23081131279468536, "test_loss": 0.23081131279468536}