{"train_loss": 0.249503830075264, "dev_loss": 0.23080363869667053, "test_loss": 0.23080363869667053}