{"train_loss": 0.24581004828214642, "dev_loss": 0.23090270161628723, "test_loss": 0.23090270161628723}