{"train_loss": 0.2510015621781349, "dev_loss": 0.23077170550823212, "test_loss": 0.23077170550823212}