{"train_loss": 0.24624703973531722, "dev_loss": 0.23088249564170837, "test_loss": 0.23088249564170837}