{"train_loss": 0.24717505127191547, "dev_loss": 0.2308465987443924, "test_loss": 0.2308465987443924}