{"train_loss": 0.24741784930229185, "dev_loss": 0.23083944618701935, "test_loss": 0.23083944618701935}