{"train_loss": 0.24922698289155962, "dev_loss": 0.23080730438232422, "test_loss": 0.23080730438232422}