{"train_loss": 0.25449119359254835, "dev_loss": 0.23084013164043427, "test_loss": 0.23084013164043427}