{"train_loss": 0.3346741925369194, "dev_loss": 0.3571302402756233, "test_loss": 0.3571302402756233}