{"train_loss": 0.24816948622465132, "dev_loss": 0.23082312941551208, "test_loss": 0.23082312941551208}