{"train_loss": 0.2497870624065399, "dev_loss": 0.2308007925748825, "test_loss": 0.2308007925748825}