{"train_loss": 0.2460263282060623, "dev_loss": 0.23089273273944855, "test_loss": 0.23089273273944855}