{"train_loss": 0.2513408541679382, "dev_loss": 0.23074308037757874, "test_loss": 0.23074308037757874}