{"train_loss": 0.24438456892967225, "dev_loss": 0.23094412684440613, "test_loss": 0.23094412684440613}