{"train_loss": 0.2534801244735718, "dev_loss": 0.2307434380054474, "test_loss": 0.2307434380054474}