{"train_loss": 0.24842756539583205, "dev_loss": 0.23081907629966736, "test_loss": 0.23081907629966736}