{"train_loss": 0.25254537016153333, "dev_loss": 0.2306928187608719, "test_loss": 0.2306928187608719}