{"train_loss": 0.24478085190057755, "dev_loss": 0.23093804717063904, "test_loss": 0.23093804717063904}