{"train_loss": 0.2556224003434181, "dev_loss": 0.23087069392204285, "test_loss": 0.23087069392204285}