{"train_loss": 0.2539797008037567, "dev_loss": 0.2307683527469635, "test_loss": 0.2307683527469635}