{"train_loss": 0.24559792429208757, "dev_loss": 0.23091216385364532, "test_loss": 0.23091216385364532}