{"train_loss": 0.24647230058908462, "dev_loss": 0.23087258636951447, "test_loss": 0.23087258636951447}