{"train_loss": 0.2469364315271378, "dev_loss": 0.2308545559644699, "test_loss": 0.2308545559644699}