{"train_loss": 0.2521122917532921, "dev_loss": 0.230697900056839, "test_loss": 0.230697900056839}