{"train_loss": 0.2449814006686211, "dev_loss": 0.23093363642692566, "test_loss": 0.23093363642692566}