{"train_loss": 0.24418842643499378, "dev_loss": 0.2309461385011673, "test_loss": 0.2309461385011673}