{"train_loss": 0.25068258941173555, "dev_loss": 0.23078866302967072, "test_loss": 0.23078866302967072}