{"train_loss": 0.24538946747779847, "dev_loss": 0.23092059791088104, "test_loss": 0.23092059791088104}